item_code,design_code,design_name,category,karat,gold_color,ring_size,diamond_grade,actual_net_weight,actual_diamond_weight,cert_lab,cert_number,hallmark_number,price,status
YRA-0001-14Y-12,RG-001,Aura Diamond Ring,Rings,14Kt,Yellow,12,HI/SI,3.457,1.18,IGI,777129422,,112500.0,in_stock
YRA-0001-14Y-20,RG-001,Aura Diamond Ring,Rings,14Kt,Yellow,20,JK/SI,3.891,1.19,GIA,153246119,,77300.0,sold
YRA-0001-14Y-14,RG-001,Aura Diamond Ring,Rings,14Kt,Yellow,14,HI/SI,3.561,1.15,GIA,550047120,,111200.0,in_stock
YRA-0001-14W-12,RG-001,Aura Diamond Ring,Rings,14Kt,White,12,HI/SI,3.457,1.18,IGI,724488420,,112500.0,in_stock
YRA-0001-14W-18,RG-001,Aura Diamond Ring,Rings,14Kt,White,18,HI/SI,3.778,1.16,IGI,705985840,,113700.0,in_stock
YRA-0001-14W-20,RG-001,Aura Diamond Ring,Rings,14Kt,White,20,JK/SI,3.891,1.16,GIA,934543046,,76200.0,in_stock
YRA-0001-18W-18,RG-001,Aura Diamond Ring,Rings,18Kt,White,18,JK/SI,4.534,1.18,IGI,187891151,,89800.0,in_stock
YRA-0001-18W-14,RG-001,Aura Diamond Ring,Rings,18Kt,White,14,IJ/SI,4.273,1.17,GIA,409170818,,104800.0,in_stock
YRA-0001-18W-12,RG-001,Aura Diamond Ring,Rings,18Kt,White,12,JK/SI,4.148,1.15,GIA,277126709,,84800.0,sold
YRA-0001-18R-6,RG-001,Aura Diamond Ring,Rings,18Kt,Rose,6,JK/SI,3.797,1.15,IGI,920951719,,81300.0,in_stock
YRA-0001-18R-20,RG-001,Aura Diamond Ring,Rings,18Kt,Rose,20,IJ/SI,4.669,1.18,GIA,846567715,,109300.0,in_stock
YRA-0001-18R-14,RG-001,Aura Diamond Ring,Rings,18Kt,Rose,14,IJ/SI,4.273,1.17,IGI,200497933,,104800.0,sold
YRA-0002-14R-12,RG-002,Celeste Diamond Ring,Rings,14Kt,Rose,12,IJ/SI,4.133,0.6,IGI,892811641,,66200.0,in_stock
YRA-0002-14R-18,RG-002,Celeste Diamond Ring,Rings,14Kt,Rose,18,IJ/SI,4.516,0.62,IGI,278634438,,70400.0,in_stock
YRA-0002-14R-16,RG-002,Celeste Diamond Ring,Rings,14Kt,Rose,16,HI/SI,4.385,0.62,GIA,690793751,,80400.0,in_stock
YRA-0002-14Y-6,RG-002,Celeste Diamond Ring,Rings,14Kt,Yellow,6,HI/SI,3.782,0.64,IGI,189104138,,76800.0,in_stock
YRA-0002-14Y-10,RG-002,Celeste Diamond Ring,Rings,14Kt,Yellow,10,HI/SI,4.013,0.61,IGI,620724767,,76600.0,sold
YRA-0002-14Y-12,RG-002,Celeste Diamond Ring,Rings,14Kt,Yellow,12,IJ/SI,4.133,0.61,IGI,256418835,,66700.0,in_stock
YRA-0002-18R-16,RG-002,Celeste Diamond Ring,Rings,18Kt,Rose,16,JK/SI,5.262,0.64,GIA,527424008,,76600.0,in_stock
YRA-0002-18R-18,RG-002,Celeste Diamond Ring,Rings,18Kt,Rose,18,JK/SI,5.419,0.6,GIA,166838090,,76600.0,in_stock
YRA-0002-18R-12,RG-002,Celeste Diamond Ring,Rings,18Kt,Rose,12,IJ/SI,4.96,0.64,IGI,218034622,,83400.0,in_stock
YRA-0002-18W-18,RG-002,Celeste Diamond Ring,Rings,18Kt,White,18,JK/SI,5.419,0.62,IGI,490423179,,77400.0,in_stock
YRA-0002-18W-12,RG-002,Celeste Diamond Ring,Rings,18Kt,White,12,HI/SI,4.96,0.6,GIA,259504871,,91900.0,in_stock
YRA-0002-18W-6,RG-002,Celeste Diamond Ring,Rings,18Kt,White,6,JK/SI,4.538,0.64,GIA,609116260,,69400.0,in_stock
YRA-0003-14R-10,RG-003,Vega Diamond Ring,Rings,14Kt,Rose,10,JK/SI,5.65,1.05,GIA,257413274,,86600.0,in_stock
YRA-0003-14R-16,RG-003,Vega Diamond Ring,Rings,14Kt,Rose,16,JK/SI,6.174,1.05,GIA,790326952,,90900.0,sold
YRA-0003-14R-20,RG-003,Vega Diamond Ring,Rings,14Kt,Rose,20,IJ/SI,6.55,1.04,GIA,279360017,,109700.0,in_stock
YRA-0003-14Y-16,RG-003,Vega Diamond Ring,Rings,14Kt,Yellow,16,HI/SI,6.174,1.03,IGI,978678309,,124300.0,in_stock
YRA-0003-14Y-20,RG-003,Vega Diamond Ring,Rings,14Kt,Yellow,20,HI/SI,6.55,1.04,GIA,481782371,,128200.0,in_stock
YRA-0003-14Y-10,RG-003,Vega Diamond Ring,Rings,14Kt,Yellow,10,IJ/SI,5.65,1.05,GIA,378286356,,102800.0,in_stock
YRA-0003-18W-20,RG-003,Vega Diamond Ring,Rings,18Kt,White,20,HI/SI,7.86,1.01,IGI,604744541,,149900.0,in_stock
YRA-0003-18W-10,RG-003,Vega Diamond Ring,Rings,18Kt,White,10,JK/SI,6.78,1.02,IGI,614830670,,106100.0,sold
YRA-0003-18W-16,RG-003,Vega Diamond Ring,Rings,18Kt,White,16,JK/SI,7.409,1.02,IGI,996197331,,112300.0,in_stock
YRA-0003-18R-20,RG-003,Vega Diamond Ring,Rings,18Kt,Rose,20,IJ/SI,7.86,1.05,GIA,193146944,,134100.0,sold
YRA-0003-18R-16,RG-003,Vega Diamond Ring,Rings,18Kt,Rose,16,IJ/SI,7.409,1.05,GIA,530985811,,129600.0,in_stock
YRA-0003-18R-10,RG-003,Vega Diamond Ring,Rings,18Kt,Rose,10,HI/SI,6.78,1.01,IGI,236406413,,139200.0,in_stock
YRA-0004-14W-18,RG-004,Ira Diamond Ring,Rings,14Kt,White,18,HI/SI,5.091,0.99,IGI,130058036,,112500.0,in_stock
YRA-0004-14W-10,RG-004,Ira Diamond Ring,Rings,14Kt,White,10,HI/SI,4.523,0.96,GIA,378490828,,105700.0,in_stock
YRA-0004-14W-6,RG-004,Ira Diamond Ring,Rings,14Kt,White,6,HI/SI,4.264,0.98,GIA,591946611,,105000.0,in_stock
YRA-0004-14Y-18,RG-004,Ira Diamond Ring,Rings,14Kt,Yellow,18,JK/SI,5.091,0.97,IGI,572580523,,78900.0,sold
YRA-0004-14Y-6,RG-004,Ira Diamond Ring,Rings,14Kt,Yellow,6,HI/SI,4.264,0.97,IGI,251997788,,104200.0,in_stock
YRA-0004-14Y-10,RG-004,Ira Diamond Ring,Rings,14Kt,Yellow,10,JK/SI,4.523,0.98,IGI,450020665,,74600.0,in_stock
YRA-0004-18W-10,RG-004,Ira Diamond Ring,Rings,18Kt,White,10,HI/SI,5.428,0.96,IGI,645153748,,122200.0,in_stock
YRA-0004-18W-18,RG-004,Ira Diamond Ring,Rings,18Kt,White,18,HI/SI,6.109,0.95,GIA,449624976,,128200.0,in_stock
YRA-0004-18W-6,RG-004,Ira Diamond Ring,Rings,18Kt,White,6,JK/SI,5.117,0.97,IGI,843814251,,87600.0,in_stock
YRA-0004-18R-18,RG-004,Ira Diamond Ring,Rings,18Kt,Rose,18,IJ/SI,6.109,0.98,IGI,580529775,,113000.0,in_stock
YRA-0004-18R-6,RG-004,Ira Diamond Ring,Rings,18Kt,Rose,6,IJ/SI,5.117,0.95,GIA,177895777,,101500.0,in_stock
YRA-0004-18R-10,RG-004,Ira Diamond Ring,Rings,18Kt,Rose,10,HI/SI,5.428,0.97,GIA,941744891,,122900.0,in_stock
YRA-0005-14R-16,RG-005,Zoya Diamond Ring,Rings,14Kt,Rose,16,IJ/SI,5.831,1.15,GIA,552342173,,109600.0,in_stock
YRA-0005-14R-12,RG-005,Zoya Diamond Ring,Rings,14Kt,Rose,12,JK/SI,5.496,1.12,GIA,120919637,,88000.0,in_stock
YRA-0005-14R-20,RG-005,Zoya Diamond Ring,Rings,14Kt,Rose,20,JK/SI,6.186,1.13,IGI,512686830,,94100.0,in_stock
YRA-0005-14Y-6,RG-005,Zoya Diamond Ring,Rings,14Kt,Yellow,6,HI/SI,5.03,1.11,IGI,190260096,,120500.0,in_stock
YRA-0005-14Y-20,RG-005,Zoya Diamond Ring,Rings,14Kt,Yellow,20,HI/SI,6.186,1.11,GIA,911508888,,130100.0,in_stock
YRA-0005-14Y-12,RG-005,Zoya Diamond Ring,Rings,14Kt,Yellow,12,JK/SI,5.496,1.13,GIA,535883162,,88400.0,in_stock
YRA-0005-18W-6,RG-005,Zoya Diamond Ring,Rings,18Kt,White,6,JK/SI,6.036,1.11,IGI,556680688,,102100.0,sold
YRA-0005-18W-12,RG-005,Zoya Diamond Ring,Rings,18Kt,White,12,HI/SI,6.595,1.12,IGI,960742147,,145200.0,in_stock
YRA-0005-18W-16,RG-005,Zoya Diamond Ring,Rings,18Kt,White,16,HI/SI,6.997,1.13,IGI,383952089,,149900.0,sold
YRA-0005-18R-20,RG-005,Zoya Diamond Ring,Rings,18Kt,Rose,20,IJ/SI,7.423,1.15,GIA,767549003,,135100.0,in_stock
YRA-0005-18R-12,RG-005,Zoya Diamond Ring,Rings,18Kt,Rose,12,HI/SI,6.595,1.13,IGI,273354647,,145900.0,in_stock
YRA-0005-18R-16,RG-005,Zoya Diamond Ring,Rings,18Kt,Rose,16,IJ/SI,6.997,1.12,GIA,670249079,,129300.0,sold
YRA-0006-14W-14,RG-006,Meera Diamond Ring,Rings,14Kt,White,14,HI/SI,3.404,0.78,GIA,804921640,,83600.0,in_stock
YRA-0006-14W-16,RG-006,Meera Diamond Ring,Rings,14Kt,White,16,IJ/SI,3.506,0.77,GIA,838457070,,70100.0,in_stock
YRA-0006-14W-6,RG-006,Meera Diamond Ring,Rings,14Kt,White,6,HI/SI,3.025,0.75,IGI,534540855,,78300.0,sold
YRA-0006-14Y-6,RG-006,Meera Diamond Ring,Rings,14Kt,Yellow,6,JK/SI,3.025,0.74,GIA,562504317,,53100.0,in_stock
YRA-0006-14Y-14,RG-006,Meera Diamond Ring,Rings,14Kt,Yellow,14,IJ/SI,3.404,0.74,GIA,742933425,,67600.0,in_stock
YRA-0006-14Y-16,RG-006,Meera Diamond Ring,Rings,14Kt,Yellow,16,IJ/SI,3.506,0.75,IGI,269149705,,69000.0,in_stock
YRA-0006-18Y-16,RG-006,Meera Diamond Ring,Rings,18Kt,Yellow,16,IJ/SI,4.207,0.75,IGI,482879064,,81800.0,in_stock
YRA-0006-18Y-14,RG-006,Meera Diamond Ring,Rings,18Kt,Yellow,14,HI/SI,4.085,0.75,GIA,399497598,,93900.0,in_stock
YRA-0006-18Y-6,RG-006,Meera Diamond Ring,Rings,18Kt,Yellow,6,JK/SI,3.63,0.75,IGI,197551269,,64500.0,in_stock
YRA-0006-18R-6,RG-006,Meera Diamond Ring,Rings,18Kt,Rose,6,IJ/SI,3.63,0.76,IGI,421742505,,76600.0,in_stock
YRA-0006-18R-14,RG-006,Meera Diamond Ring,Rings,18Kt,Rose,14,JK/SI,4.085,0.75,IGI,806032141,,69000.0,sold
YRA-0006-18R-16,RG-006,Meera Diamond Ring,Rings,18Kt,Rose,16,JK/SI,4.207,0.77,GIA,920673058,,71000.0,in_stock
YRA-0007-14W-10,RG-007,Tara Diamond Ring,Rings,14Kt,White,10,IJ/SI,6.244,0.9,IGI,504390778,,99700.0,sold
YRA-0007-14W-6,RG-007,Tara Diamond Ring,Rings,14Kt,White,6,JK/SI,5.885,0.91,IGI,772405542,,83200.0,in_stock
YRA-0007-14W-16,RG-007,Tara Diamond Ring,Rings,14Kt,White,16,IJ/SI,6.823,0.9,IGI,590644740,,104500.0,sold
YRA-0007-14Y-6,RG-007,Tara Diamond Ring,Rings,14Kt,Yellow,6,JK/SI,5.885,0.91,GIA,370790737,,83200.0,sold
YRA-0007-14Y-10,RG-007,Tara Diamond Ring,Rings,14Kt,Yellow,10,HI/SI,6.244,0.92,IGI,347751030,,117100.0,in_stock
YRA-0007-14Y-18,RG-007,Tara Diamond Ring,Rings,14Kt,Yellow,18,IJ/SI,7.027,0.93,GIA,182398815,,107800.0,in_stock
YRA-0007-18W-10,RG-007,Tara Diamond Ring,Rings,18Kt,White,10,IJ/SI,7.493,0.91,GIA,799579688,,123000.0,in_stock
YRA-0007-18W-14,RG-007,Tara Diamond Ring,Rings,18Kt,White,14,JK/SI,7.949,0.9,IGI,113388715,,113200.0,in_stock
YRA-0007-18W-6,RG-007,Tara Diamond Ring,Rings,18Kt,White,6,JK/SI,7.062,0.91,IGI,843228175,,104700.0,in_stock
YRA-0007-18R-16,RG-007,Tara Diamond Ring,Rings,18Kt,Rose,16,IJ/SI,8.188,0.91,GIA,600727853,,129900.0,sold
YRA-0007-18R-18,RG-007,Tara Diamond Ring,Rings,18Kt,Rose,18,JK/SI,8.432,0.93,IGI,434658118,,119100.0,sold
YRA-0007-18R-6,RG-007,Tara Diamond Ring,Rings,18Kt,Rose,6,HI/SI,7.062,0.93,GIA,592816174,,136300.0,in_stock
YRA-0008-14R-10,RG-008,Kiara Diamond Ring,Rings,14Kt,Rose,10,HI/SI,4.155,1.41,GIA,621989554,,134600.0,in_stock
YRA-0008-14R-16,RG-008,Kiara Diamond Ring,Rings,14Kt,Rose,16,IJ/SI,4.541,1.39,GIA,535315694,,111700.0,in_stock
YRA-0008-14R-8,RG-008,Kiara Diamond Ring,Rings,14Kt,Rose,8,IJ/SI,4.034,1.39,GIA,439386217,,107500.0,in_stock
YRA-0008-14Y-16,RG-008,Kiara Diamond Ring,Rings,14Kt,Yellow,16,IJ/SI,4.541,1.41,IGI,310175441,,112800.0,in_stock
YRA-0008-14Y-8,RG-008,Kiara Diamond Ring,Rings,14Kt,Yellow,8,IJ/SI,4.034,1.42,GIA,499670335,,109100.0,in_stock
YRA-0008-14Y-20,RG-008,Kiara Diamond Ring,Rings,14Kt,Yellow,20,JK/SI,4.817,1.4,IGI,487308683,,93000.0,sold
YRA-0008-18R-16,RG-008,Kiara Diamond Ring,Rings,18Kt,Rose,16,IJ/SI,5.449,1.41,IGI,367710374,,129300.0,sold
YRA-0008-18R-8,RG-008,Kiara Diamond Ring,Rings,18Kt,Rose,8,IJ/SI,4.841,1.4,IGI,930199614,,122700.0,in_stock
YRA-0008-18R-14,RG-008,Kiara Diamond Ring,Rings,18Kt,Rose,14,HI/SI,5.29,1.42,GIA,695017231,,153500.0,in_stock
YRA-0008-18Y-8,RG-008,Kiara Diamond Ring,Rings,18Kt,Yellow,8,JK/SI,4.841,1.4,IGI,792016625,,101200.0,sold
YRA-0008-18Y-10,RG-008,Kiara Diamond Ring,Rings,18Kt,Yellow,10,JK/SI,4.986,1.4,IGI,283355162,,102600.0,in_stock
YRA-0008-18Y-16,RG-008,Kiara Diamond Ring,Rings,18Kt,Yellow,16,IJ/SI,5.449,1.39,GIA,893530107,,128300.0,in_stock
YRA-0009-14W-8,RG-009,Nyla Diamond Ring,Rings,14Kt,White,8,IJ/SI,4.655,0.68,GIA,249890132,,74800.0,in_stock
YRA-0009-14W-10,RG-009,Nyla Diamond Ring,Rings,14Kt,White,10,HI/SI,4.794,0.65,GIA,696865256,,85900.0,in_stock
YRA-0009-14W-6,RG-009,Nyla Diamond Ring,Rings,14Kt,White,6,IJ/SI,4.519,0.65,IGI,121562591,,72100.0,in_stock
YRA-0009-14R-6,RG-009,Nyla Diamond Ring,Rings,14Kt,Rose,6,HI/SI,4.519,0.67,GIA,390167827,,85000.0,in_stock
YRA-0009-14R-8,RG-009,Nyla Diamond Ring,Rings,14Kt,Rose,8,IJ/SI,4.655,0.64,GIA,235155965,,72700.0,in_stock
YRA-0009-14R-10,RG-009,Nyla Diamond Ring,Rings,14Kt,Rose,10,HI/SI,4.794,0.66,IGI,391006448,,86600.0,sold
YRA-0009-18R-8,RG-009,Nyla Diamond Ring,Rings,18Kt,Rose,8,HI/SI,5.586,0.68,IGI,134621185,,103900.0,in_stock
YRA-0009-18R-6,RG-009,Nyla Diamond Ring,Rings,18Kt,Rose,6,IJ/SI,5.423,0.67,GIA,100191870,,89600.0,in_stock
YRA-0009-18R-10,RG-009,Nyla Diamond Ring,Rings,18Kt,Rose,10,JK/SI,5.753,0.68,GIA,582056843,,83000.0,in_stock
YRA-0009-18W-10,RG-009,Nyla Diamond Ring,Rings,18Kt,White,10,JK/SI,5.753,0.65,IGI,986261507,,81800.0,in_stock
YRA-0009-18W-8,RG-009,Nyla Diamond Ring,Rings,18Kt,White,8,IJ/SI,5.586,0.67,IGI,692169593,,91200.0,sold
YRA-0009-18W-6,RG-009,Nyla Diamond Ring,Rings,18Kt,White,6,HI/SI,5.423,0.64,IGI,711369571,,99400.0,sold
YRA-0010-14Y-20,RG-010,Rhea Diamond Ring,Rings,14Kt,Yellow,20,IJ/SI,5.521,0.88,GIA,399148389,,92600.0,sold
YRA-0010-14Y-14,RG-010,Rhea Diamond Ring,Rings,14Kt,Yellow,14,HI/SI,5.052,0.91,GIA,665086391,,106500.0,in_stock
YRA-0010-14Y-18,RG-010,Rhea Diamond Ring,Rings,14Kt,Yellow,18,IJ/SI,5.36,0.89,GIA,159387283,,91800.0,in_stock
YRA-0010-14R-20,RG-010,Rhea Diamond Ring,Rings,14Kt,Rose,20,JK/SI,5.521,0.89,GIA,497518584,,79500.0,in_stock
YRA-0010-14R-18,RG-010,Rhea Diamond Ring,Rings,14Kt,Rose,18,IJ/SI,5.36,0.88,GIA,489038017,,91300.0,in_stock
YRA-0010-14R-14,RG-010,Rhea Diamond Ring,Rings,14Kt,Rose,14,IJ/SI,5.052,0.89,IGI,320351782,,89300.0,in_stock
YRA-0010-18Y-14,RG-010,Rhea Diamond Ring,Rings,18Kt,Yellow,14,IJ/SI,6.062,0.89,IGI,769582197,,107700.0,in_stock
YRA-0010-18Y-18,RG-010,Rhea Diamond Ring,Rings,18Kt,Yellow,18,HI/SI,6.432,0.89,GIA,547781560,,127200.0,sold
YRA-0010-18Y-20,RG-010,Rhea Diamond Ring,Rings,18Kt,Yellow,20,JK/SI,6.625,0.88,IGI,522474439,,99200.0,in_stock
YRA-0010-18R-14,RG-010,Rhea Diamond Ring,Rings,18Kt,Rose,14,HI/SI,6.062,0.88,IGI,522325957,,122800.0,in_stock
YRA-0010-18R-18,RG-010,Rhea Diamond Ring,Rings,18Kt,Rose,18,IJ/SI,6.432,0.91,IGI,185213425,,112500.0,sold
YRA-0010-18R-20,RG-010,Rhea Diamond Ring,Rings,18Kt,Rose,20,HI/SI,6.625,0.89,GIA,134245587,,129100.0,in_stock
YRA-0011-14R-10,RG-011,Sana Diamond Ring,Rings,14Kt,Rose,10,IJ/SI,5.111,1.32,GIA,194231867,,112700.0,in_stock
YRA-0011-14R-14,RG-011,Sana Diamond Ring,Rings,14Kt,Rose,14,IJ/SI,5.422,1.33,GIA,307260292,,115800.0,in_stock
YRA-0011-14R-6,RG-011,Sana Diamond Ring,Rings,14Kt,Rose,6,IJ/SI,4.817,1.34,IGI,778242045,,111300.0,in_stock
YRA-0011-14Y-10,RG-011,Sana Diamond Ring,Rings,14Kt,Yellow,10,IJ/SI,5.111,1.33,IGI,962577693,,113200.0,sold
YRA-0011-14Y-6,RG-011,Sana Diamond Ring,Rings,14Kt,Yellow,6,JK/SI,4.817,1.32,IGI,750275541,,89900.0,in_stock
YRA-0011-14Y-14,RG-011,Sana Diamond Ring,Rings,14Kt,Yellow,14,JK/SI,5.422,1.32,IGI,381505551,,94900.0,in_stock
YRA-0011-18W-6,RG-011,Sana Diamond Ring,Rings,18Kt,White,6,JK/SI,5.78,1.34,IGI,126045435,,108300.0,sold
YRA-0011-18W-10,RG-011,Sana Diamond Ring,Rings,18Kt,White,10,JK/SI,6.133,1.31,GIA,933606632,,110600.0,in_stock
YRA-0011-18W-14,RG-011,Sana Diamond Ring,Rings,18Kt,White,14,IJ/SI,6.506,1.32,GIA,242493350,,135000.0,sold
YRA-0011-18R-14,RG-011,Sana Diamond Ring,Rings,18Kt,Rose,14,HI/SI,6.506,1.34,IGI,451972364,,159900.0,sold
YRA-0011-18R-10,RG-011,Sana Diamond Ring,Rings,18Kt,Rose,10,JK/SI,6.133,1.33,IGI,649632103,,111400.0,in_stock
YRA-0011-18R-6,RG-011,Sana Diamond Ring,Rings,18Kt,Rose,6,HI/SI,5.78,1.34,GIA,169506557,,152700.0,in_stock
YRA-0012-14R-20,RG-012,Diya Diamond Ring,Rings,14Kt,Rose,20,JK/SI,4.691,0.65,IGI,903134235,,63500.0,in_stock
YRA-0012-14R-8,RG-012,Diya Diamond Ring,Rings,14Kt,Rose,8,HI/SI,3.929,0.66,GIA,415446180,,79400.0,in_stock
YRA-0012-14R-6,RG-012,Diya Diamond Ring,Rings,14Kt,Rose,6,IJ/SI,3.814,0.64,GIA,313878733,,65700.0,in_stock
YRA-0012-14W-20,RG-012,Diya Diamond Ring,Rings,14Kt,White,20,JK/SI,4.691,0.64,IGI,450402672,,63100.0,in_stock
YRA-0012-14W-8,RG-012,Diya Diamond Ring,Rings,14Kt,White,8,HI/SI,3.929,0.64,IGI,797546341,,78000.0,sold
YRA-0012-14W-6,RG-012,Diya Diamond Ring,Rings,14Kt,White,6,HI/SI,3.814,0.66,IGI,104823357,,78500.0,in_stock
YRA-0012-18Y-6,RG-012,Diya Diamond Ring,Rings,18Kt,Yellow,6,HI/SI,4.577,0.64,IGI,744774777,,91000.0,sold
YRA-0012-18Y-8,RG-012,Diya Diamond Ring,Rings,18Kt,Yellow,8,HI/SI,4.715,0.65,GIA,650474151,,93100.0,sold
YRA-0012-18Y-20,RG-012,Diya Diamond Ring,Rings,18Kt,Yellow,20,IJ/SI,5.629,0.65,IGI,213580477,,90600.0,in_stock
YRA-0012-18R-6,RG-012,Diya Diamond Ring,Rings,18Kt,Rose,6,HI/SI,4.577,0.64,IGI,319018026,,91000.0,sold
YRA-0012-18R-8,RG-012,Diya Diamond Ring,Rings,18Kt,Rose,8,JK/SI,4.715,0.63,IGI,974824409,,70700.0,in_stock
YRA-0012-18R-12,RG-012,Diya Diamond Ring,Rings,18Kt,Rose,12,JK/SI,5.002,0.64,GIA,298798035,,74000.0,in_stock
YRA-0013-14W-6,RG-013,Aria Diamond Ring,Rings,14Kt,White,6,IJ/SI,2.151,0.71,GIA,548658060,,55600.0,sold
YRA-0013-14W-14,RG-013,Aria Diamond Ring,Rings,14Kt,White,14,JK/SI,2.422,0.7,GIA,544615043,,46600.0,in_stock
YRA-0013-14W-16,RG-013,Aria Diamond Ring,Rings,14Kt,White,16,IJ/SI,2.494,0.72,IGI,519544342,,59000.0,in_stock
YRA-0013-14Y-16,RG-013,Aria Diamond Ring,Rings,14Kt,Yellow,16,IJ/SI,2.494,0.73,IGI,980864063,,59500.0,in_stock
YRA-0013-14Y-10,RG-013,Aria Diamond Ring,Rings,14Kt,Yellow,10,IJ/SI,2.283,0.71,GIA,930060939,,56700.0,in_stock
YRA-0013-14Y-6,RG-013,Aria Diamond Ring,Rings,14Kt,Yellow,6,JK/SI,2.151,0.69,IGI,787910620,,43900.0,sold
YRA-0013-18R-14,RG-013,Aria Diamond Ring,Rings,18Kt,Rose,14,IJ/SI,2.906,0.7,IGI,659590087,,66200.0,in_stock
YRA-0013-18R-6,RG-013,Aria Diamond Ring,Rings,18Kt,Rose,6,IJ/SI,2.581,0.69,GIA,909124394,,62400.0,sold
YRA-0013-18R-10,RG-013,Aria Diamond Ring,Rings,18Kt,Rose,10,HI/SI,2.74,0.73,GIA,235989781,,79100.0,sold
YRA-0013-18Y-10,RG-013,Aria Diamond Ring,Rings,18Kt,Yellow,10,JK/SI,2.74,0.69,GIA,192657934,,53400.0,sold
YRA-0013-18Y-16,RG-013,Aria Diamond Ring,Rings,18Kt,Yellow,16,HI/SI,2.993,0.71,IGI,766850676,,80200.0,in_stock
YRA-0013-18Y-14,RG-013,Aria Diamond Ring,Rings,18Kt,Yellow,14,IJ/SI,2.906,0.72,IGI,707122916,,67200.0,in_stock
YRA-0014-14W-12,RG-014,Luna Diamond Ring,Rings,14Kt,White,12,JK/SI,3.799,1.0,IGI,557134672,,69400.0,in_stock
YRA-0014-14W-10,RG-014,Luna Diamond Ring,Rings,14Kt,White,10,JK/SI,3.688,0.99,GIA,291946300,,68100.0,in_stock
YRA-0014-14W-20,RG-014,Luna Diamond Ring,Rings,14Kt,White,20,IJ/SI,4.276,1.0,GIA,352598759,,88700.0,in_stock
YRA-0014-14R-12,RG-014,Luna Diamond Ring,Rings,14Kt,Rose,12,IJ/SI,3.799,1.01,IGI,172070263,,85300.0,in_stock
YRA-0014-14R-20,RG-014,Luna Diamond Ring,Rings,14Kt,Rose,20,HI/SI,4.276,1.0,GIA,641533161,,106500.0,in_stock
YRA-0014-14R-6,RG-014,Luna Diamond Ring,Rings,14Kt,Rose,6,JK/SI,3.477,0.98,IGI,188305626,,65900.0,sold
YRA-0014-18R-6,RG-014,Luna Diamond Ring,Rings,18Kt,Rose,6,HI/SI,4.172,1.02,IGI,171275701,,114000.0,sold
YRA-0014-18R-20,RG-014,Luna Diamond Ring,Rings,18Kt,Rose,20,HI/SI,5.131,1.01,IGI,241323188,,122800.0,sold
YRA-0014-18R-10,RG-014,Luna Diamond Ring,Rings,18Kt,Rose,10,HI/SI,4.426,1.0,IGI,170347488,,115100.0,sold
YRA-0014-18Y-12,RG-014,Luna Diamond Ring,Rings,18Kt,Yellow,12,JK/SI,4.559,0.99,GIA,975772452,,82800.0,in_stock
YRA-0014-18Y-10,RG-014,Luna Diamond Ring,Rings,18Kt,Yellow,10,IJ/SI,4.426,0.99,IGI,735534654,,96800.0,in_stock
YRA-0014-18Y-6,RG-014,Luna Diamond Ring,Rings,18Kt,Yellow,6,IJ/SI,4.172,1.0,GIA,139549192,,94800.0,in_stock
YRA-0015-14R-10,RG-015,Ivy Diamond Ring,Rings,14Kt,Rose,10,JK/SI,3.705,1.03,IGI,486816983,,69700.0,in_stock
YRA-0015-14R-20,RG-015,Ivy Diamond Ring,Rings,14Kt,Rose,20,HI/SI,4.295,0.99,IGI,760752422,,105900.0,in_stock
YRA-0015-14R-16,RG-015,Ivy Diamond Ring,Rings,14Kt,Rose,16,JK/SI,4.048,0.99,GIA,432937745,,71000.0,in_stock
YRA-0015-14W-20,RG-015,Ivy Diamond Ring,Rings,14Kt,White,20,HI/SI,4.295,0.99,IGI,260379191,,105900.0,in_stock
YRA-0015-14W-10,RG-015,Ivy Diamond Ring,Rings,14Kt,White,10,IJ/SI,3.705,1.02,GIA,151299481,,85000.0,in_stock
YRA-0015-14W-12,RG-015,Ivy Diamond Ring,Rings,14Kt,White,12,JK/SI,3.816,1.0,IGI,123933193,,69500.0,in_stock
YRA-0015-18W-10,RG-015,Ivy Diamond Ring,Rings,18Kt,White,10,HI/SI,4.446,1.0,GIA,726625977,,115300.0,in_stock
YRA-0015-18W-6,RG-015,Ivy Diamond Ring,Rings,18Kt,White,6,IJ/SI,4.19,1.0,GIA,270320618,,94900.0,in_stock
YRA-0015-18W-20,RG-015,Ivy Diamond Ring,Rings,18Kt,White,20,HI/SI,5.154,1.03,IGI,584099832,,124400.0,in_stock
YRA-0015-18R-16,RG-015,Ivy Diamond Ring,Rings,18Kt,Rose,16,HI/SI,4.858,1.02,IGI,792506959,,120800.0,sold
YRA-0015-18R-10,RG-015,Ivy Diamond Ring,Rings,18Kt,Rose,10,JK/SI,4.446,1.03,GIA,746265302,,83200.0,sold
YRA-0015-18R-20,RG-015,Ivy Diamond Ring,Rings,18Kt,Rose,20,HI/SI,5.154,1.02,IGI,100429044,,123700.0,in_stock
YRA-0016-14W-14,RG-016,Maya Diamond Ring,Rings,14Kt,White,14,JK/SI,4.524,1.05,IGI,877717724,,77300.0,sold
YRA-0016-14W-18,RG-016,Maya Diamond Ring,Rings,14Kt,White,18,HI/SI,4.799,1.08,GIA,568846644,,116500.0,in_stock
YRA-0016-14W-8,RG-016,Maya Diamond Ring,Rings,14Kt,White,8,JK/SI,4.14,1.07,GIA,288325439,,74800.0,in_stock
YRA-0016-14R-18,RG-016,Maya Diamond Ring,Rings,14Kt,Rose,18,HI/SI,4.799,1.08,GIA,904934916,,116500.0,sold
YRA-0016-14R-8,RG-016,Maya Diamond Ring,Rings,14Kt,Rose,8,IJ/SI,4.14,1.09,IGI,385602124,,92400.0,in_stock
YRA-0016-14R-14,RG-016,Maya Diamond Ring,Rings,14Kt,Rose,14,JK/SI,4.524,1.08,GIA,417416323,,78400.0,in_stock
YRA-0016-18Y-14,RG-016,Maya Diamond Ring,Rings,18Kt,Yellow,14,HI/SI,5.429,1.06,IGI,270925001,,129300.0,in_stock
YRA-0016-18Y-18,RG-016,Maya Diamond Ring,Rings,18Kt,Yellow,18,IJ/SI,5.759,1.06,GIA,745566789,,113800.0,in_stock
YRA-0016-18Y-8,RG-016,Maya Diamond Ring,Rings,18Kt,Yellow,8,JK/SI,4.968,1.09,GIA,606957016,,90700.0,sold
YRA-0016-18W-14,RG-016,Maya Diamond Ring,Rings,18Kt,White,14,JK/SI,5.429,1.07,IGI,712398422,,94500.0,sold
YRA-0016-18W-18,RG-016,Maya Diamond Ring,Rings,18Kt,White,18,IJ/SI,5.759,1.08,IGI,706883788,,114800.0,sold
YRA-0016-18W-8,RG-016,Maya Diamond Ring,Rings,18Kt,White,8,HI/SI,4.968,1.06,IGI,214545039,,124700.0,in_stock
YRA-0017-14W-10,RG-017,Nora Diamond Ring,Rings,14Kt,White,10,HI/SI,2.649,1.33,IGI,136965519,,116400.0,sold
YRA-0017-14W-6,RG-017,Nora Diamond Ring,Rings,14Kt,White,6,JK/SI,2.497,1.36,IGI,985901714,,72200.0,sold
YRA-0017-14W-8,RG-017,Nora Diamond Ring,Rings,14Kt,White,8,IJ/SI,2.571,1.35,IGI,242435866,,93200.0,in_stock
YRA-0017-14Y-20,RG-017,Nora Diamond Ring,Rings,14Kt,Yellow,20,IJ/SI,3.07,1.33,IGI,476776867,,96300.0,in_stock
YRA-0017-14Y-14,RG-017,Nora Diamond Ring,Rings,14Kt,Yellow,14,JK/SI,2.81,1.33,GIA,444486646,,73700.0,sold
YRA-0017-14Y-8,RG-017,Nora Diamond Ring,Rings,14Kt,Yellow,8,IJ/SI,2.571,1.34,GIA,763868645,,92700.0,in_stock
YRA-0017-18R-10,RG-017,Nora Diamond Ring,Rings,18Kt,Rose,10,HI/SI,3.179,1.34,IGI,867070496,,126800.0,sold
YRA-0017-18R-6,RG-017,Nora Diamond Ring,Rings,18Kt,Rose,6,IJ/SI,2.996,1.32,IGI,568213163,,100100.0,in_stock
YRA-0017-18R-20,RG-017,Nora Diamond Ring,Rings,18Kt,Rose,20,HI/SI,3.684,1.33,IGI,473451350,,131100.0,in_stock
YRA-0017-18Y-10,RG-017,Nora Diamond Ring,Rings,18Kt,Yellow,10,JK/SI,3.179,1.34,GIA,720630711,,82400.0,sold
YRA-0017-18Y-20,RG-017,Nora Diamond Ring,Rings,18Kt,Yellow,20,HI/SI,3.684,1.33,IGI,635062306,,131100.0,in_stock
YRA-0017-18Y-8,RG-017,Nora Diamond Ring,Rings,18Kt,Yellow,8,HI/SI,3.085,1.36,GIA,946016293,,127300.0,sold
YRA-0018-14R-18,RG-018,Pia Diamond Ring,Rings,14Kt,Rose,18,JK/SI,4.946,1.08,IGI,474183392,,81900.0,in_stock
YRA-0018-14R-10,RG-018,Pia Diamond Ring,Rings,14Kt,Rose,10,IJ/SI,4.394,1.09,GIA,282053503,,94500.0,in_stock
YRA-0018-14R-14,RG-018,Pia Diamond Ring,Rings,14Kt,Rose,14,IJ/SI,4.662,1.1,IGI,235352720,,97200.0,in_stock
YRA-0018-14Y-10,RG-018,Pia Diamond Ring,Rings,14Kt,Yellow,10,JK/SI,4.394,1.08,IGI,876676219,,77300.0,in_stock
YRA-0018-14Y-14,RG-018,Pia Diamond Ring,Rings,14Kt,Yellow,14,IJ/SI,4.662,1.08,GIA,272791213,,96200.0,in_stock
YRA-0018-14Y-18,RG-018,Pia Diamond Ring,Rings,14Kt,Yellow,18,IJ/SI,4.946,1.11,IGI,276739538,,100100.0,sold
YRA-0018-18Y-18,RG-018,Pia Diamond Ring,Rings,18Kt,Yellow,18,JK/SI,5.935,1.1,GIA,566995021,,100700.0,in_stock
YRA-0018-18Y-10,RG-018,Pia Diamond Ring,Rings,18Kt,Yellow,10,HI/SI,5.273,1.07,GIA,321667518,,128500.0,sold
YRA-0018-18Y-6,RG-018,Pia Diamond Ring,Rings,18Kt,Yellow,6,HI/SI,4.97,1.09,GIA,949334392,,126900.0,in_stock
YRA-0018-18W-10,RG-018,Pia Diamond Ring,Rings,18Kt,White,10,IJ/SI,5.273,1.07,GIA,105924542,,109400.0,in_stock
YRA-0018-18W-8,RG-018,Pia Diamond Ring,Rings,18Kt,White,8,IJ/SI,5.119,1.11,GIA,345419390,,110000.0,in_stock
YRA-0018-18W-14,RG-018,Pia Diamond Ring,Rings,18Kt,White,14,JK/SI,5.594,1.1,IGI,829711212,,97300.0,in_stock
YRA-0019-14R-16,RG-019,Riya Diamond Ring,Rings,14Kt,Rose,16,IJ/SI,2.715,0.7,IGI,517372493,,59800.0,sold
YRA-0019-14R-12,RG-019,Riya Diamond Ring,Rings,14Kt,Rose,12,HI/SI,2.559,0.7,IGI,369748753,,70900.0,in_stock
YRA-0019-14R-10,RG-019,Riya Diamond Ring,Rings,14Kt,Rose,10,HI/SI,2.484,0.67,GIA,208541330,,68200.0,sold
YRA-0019-14Y-16,RG-019,Riya Diamond Ring,Rings,14Kt,Yellow,16,JK/SI,2.715,0.69,IGI,786401578,,48600.0,sold
YRA-0019-14Y-12,RG-019,Riya Diamond Ring,Rings,14Kt,Yellow,12,IJ/SI,2.559,0.67,GIA,896834466,,56900.0,sold
YRA-0019-14Y-10,RG-019,Riya Diamond Ring,Rings,14Kt,Yellow,10,JK/SI,2.484,0.67,IGI,521436162,,45900.0,in_stock
YRA-0019-18Y-10,RG-019,Riya Diamond Ring,Rings,18Kt,Yellow,10,HI/SI,2.981,0.68,IGI,180729232,,77900.0,in_stock
YRA-0019-18Y-20,RG-019,Riya Diamond Ring,Rings,18Kt,Yellow,20,JK/SI,3.456,0.68,GIA,722958433,,60100.0,in_stock
YRA-0019-18Y-12,RG-019,Riya Diamond Ring,Rings,18Kt,Yellow,12,JK/SI,3.071,0.67,GIA,665944019,,55900.0,sold
YRA-0019-18R-16,RG-019,Riya Diamond Ring,Rings,18Kt,Rose,16,HI/SI,3.258,0.67,IGI,603755235,,80000.0,in_stock
YRA-0019-18R-20,RG-019,Riya Diamond Ring,Rings,18Kt,Rose,20,HI/SI,3.456,0.69,GIA,815152627,,83400.0,in_stock
YRA-0019-18R-10,RG-019,Riya Diamond Ring,Rings,18Kt,Rose,10,IJ/SI,2.981,0.69,GIA,416047660,,66400.0,sold
YRA-0020-14R-10,RG-020,Sia Diamond Ring,Rings,14Kt,Rose,10,IJ/SI,4.78,0.96,GIA,620678032,,90800.0,in_stock
YRA-0020-14R-8,RG-020,Sia Diamond Ring,Rings,14Kt,Rose,8,JK/SI,4.64,0.96,GIA,264017456,,74800.0,sold
YRA-0020-14R-18,RG-020,Sia Diamond Ring,Rings,14Kt,Rose,18,HI/SI,5.379,0.96,IGI,988950726,,112800.0,in_stock
YRA-0020-14Y-10,RG-020,Sia Diamond Ring,Rings,14Kt,Yellow,10,JK/SI,4.78,0.96,IGI,805773966,,76000.0,in_stock
YRA-0020-14Y-16,RG-020,Sia Diamond Ring,Rings,14Kt,Yellow,16,JK/SI,5.223,0.97,GIA,368463974,,80000.0,in_stock
YRA-0020-14Y-8,RG-020,Sia Diamond Ring,Rings,14Kt,Yellow,8,HI/SI,4.64,0.95,IGI,933551766,,105900.0,in_stock
YRA-0020-18Y-12,RG-020,Sia Diamond Ring,Rings,18Kt,Yellow,12,JK/SI,5.908,0.97,IGI,817751231,,95500.0,sold
YRA-0020-18Y-16,RG-020,Sia Diamond Ring,Rings,18Kt,Yellow,16,JK/SI,6.268,0.95,GIA,311924971,,98300.0,in_stock
YRA-0020-18Y-10,RG-020,Sia Diamond Ring,Rings,18Kt,Yellow,10,HI/SI,5.736,0.94,GIA,820726123,,123800.0,sold
YRA-0020-18W-8,RG-020,Sia Diamond Ring,Rings,18Kt,White,8,HI/SI,5.568,0.95,GIA,629437096,,122900.0,in_stock
YRA-0020-18W-18,RG-020,Sia Diamond Ring,Rings,18Kt,White,18,HI/SI,6.455,0.95,GIA,364748886,,131700.0,in_stock
YRA-0020-18W-16,RG-020,Sia Diamond Ring,Rings,18Kt,White,16,JK/SI,6.268,0.95,IGI,272182448,,98300.0,sold
YRA-0021-14W-8,RG-021,Avni Diamond Ring,Rings,14Kt,White,8,IJ/SI,3.87,1.03,IGI,648280046,,86900.0,in_stock
YRA-0021-14W-16,RG-021,Avni Diamond Ring,Rings,14Kt,White,16,HI/SI,4.356,1.03,IGI,329095505,,109300.0,in_stock
YRA-0021-14W-10,RG-021,Avni Diamond Ring,Rings,14Kt,White,10,IJ/SI,3.986,1.03,IGI,807621143,,87900.0,in_stock
YRA-0021-14Y-10,RG-021,Avni Diamond Ring,Rings,14Kt,Yellow,10,IJ/SI,3.986,1.01,GIA,370123329,,86800.0,in_stock
YRA-0021-14Y-16,RG-021,Avni Diamond Ring,Rings,14Kt,Yellow,16,IJ/SI,4.356,1.03,GIA,988772694,,91000.0,in_stock
YRA-0021-14Y-8,RG-021,Avni Diamond Ring,Rings,14Kt,Yellow,8,IJ/SI,3.87,1.01,GIA,318540283,,85900.0,in_stock
YRA-0021-18Y-20,RG-021,Avni Diamond Ring,Rings,18Kt,Yellow,20,JK/SI,5.545,1.01,IGI,942045032,,93400.0,sold
YRA-0021-18Y-10,RG-021,Avni Diamond Ring,Rings,18Kt,Yellow,10,JK/SI,4.783,1.02,GIA,685619986,,86200.0,in_stock
YRA-0021-18Y-16,RG-021,Avni Diamond Ring,Rings,18Kt,Yellow,16,HI/SI,5.227,1.02,IGI,149818055,,124400.0,in_stock
YRA-0021-18R-10,RG-021,Avni Diamond Ring,Rings,18Kt,Rose,10,JK/SI,4.783,1.03,GIA,762175666,,86600.0,in_stock
YRA-0021-18R-16,RG-021,Avni Diamond Ring,Rings,18Kt,Rose,16,JK/SI,5.227,1.03,IGI,328171634,,91000.0,in_stock
YRA-0021-18R-8,RG-021,Avni Diamond Ring,Rings,18Kt,Rose,8,JK/SI,4.644,1.03,IGI,208836223,,85200.0,in_stock
YRA-0022-14R-14,RG-022,Bela Diamond Ring,Rings,14Kt,Rose,14,IJ/SI,6.088,0.56,IGI,634471182,,80300.0,in_stock
YRA-0022-14R-20,RG-022,Bela Diamond Ring,Rings,14Kt,Rose,20,HI/SI,6.653,0.55,GIA,717746574,,94200.0,in_stock
YRA-0022-14R-16,RG-022,Bela Diamond Ring,Rings,14Kt,Rose,16,HI/SI,6.271,0.57,IGI,830104463,,92500.0,in_stock
YRA-0022-14W-16,RG-022,Bela Diamond Ring,Rings,14Kt,White,16,JK/SI,6.271,0.58,IGI,189039756,,73900.0,in_stock
YRA-0022-14W-14,RG-022,Bela Diamond Ring,Rings,14Kt,White,14,HI/SI,6.088,0.56,IGI,558487550,,90200.0,in_stock
YRA-0022-14W-20,RG-022,Bela Diamond Ring,Rings,14Kt,White,20,HI/SI,6.653,0.58,IGI,334339003,,96300.0,sold
YRA-0022-18Y-14,RG-022,Bela Diamond Ring,Rings,18Kt,Yellow,14,JK/SI,7.306,0.57,IGI,153836024,,94200.0,in_stock
YRA-0022-18Y-20,RG-022,Bela Diamond Ring,Rings,18Kt,Yellow,20,JK/SI,7.984,0.58,IGI,883532790,,101400.0,sold
YRA-0022-18Y-16,RG-022,Bela Diamond Ring,Rings,18Kt,Yellow,16,JK/SI,7.525,0.56,GIA,594543711,,96000.0,in_stock
YRA-0022-18R-20,RG-022,Bela Diamond Ring,Rings,18Kt,Rose,20,HI/SI,7.984,0.55,IGI,517630478,,118500.0,in_stock
YRA-0022-18R-14,RG-022,Bela Diamond Ring,Rings,18Kt,Rose,14,HI/SI,7.306,0.58,GIA,753853155,,113900.0,in_stock
YRA-0022-18R-16,RG-022,Bela Diamond Ring,Rings,18Kt,Rose,16,JK/SI,7.525,0.56,GIA,604446096,,96000.0,in_stock
YRA-0023-14R-20,RG-023,Cia Diamond Ring,Rings,14Kt,Rose,20,JK/SI,2.985,0.89,IGI,992589097,,58400.0,in_stock
YRA-0023-14R-14,RG-023,Cia Diamond Ring,Rings,14Kt,Rose,14,JK/SI,2.732,0.89,GIA,364259708,,56300.0,in_stock
YRA-0023-14R-10,RG-023,Cia Diamond Ring,Rings,14Kt,Rose,10,JK/SI,2.575,0.89,IGI,967026595,,55000.0,in_stock
YRA-0023-14W-20,RG-023,Cia Diamond Ring,Rings,14Kt,White,20,HI/SI,2.985,0.87,IGI,409797543,,86500.0,sold
YRA-0023-14W-10,RG-023,Cia Diamond Ring,Rings,14Kt,White,10,JK/SI,2.575,0.89,IGI,394042783,,55000.0,sold
YRA-0023-14W-14,RG-023,Cia Diamond Ring,Rings,14Kt,White,14,JK/SI,2.732,0.89,GIA,472430839,,56300.0,in_stock
YRA-0023-18W-18,RG-023,Cia Diamond Ring,Rings,18Kt,White,18,HI/SI,3.478,0.87,GIA,599636682,,96400.0,in_stock
YRA-0023-18W-20,RG-023,Cia Diamond Ring,Rings,18Kt,White,20,JK/SI,3.582,0.9,IGI,950043796,,69700.0,in_stock
YRA-0023-18W-14,RG-023,Cia Diamond Ring,Rings,18Kt,White,14,JK/SI,3.278,0.88,GIA,929107226,,65900.0,in_stock
YRA-0023-18R-18,RG-023,Cia Diamond Ring,Rings,18Kt,Rose,18,JK/SI,3.478,0.9,GIA,611730563,,68700.0,in_stock
YRA-0023-18R-14,RG-023,Cia Diamond Ring,Rings,18Kt,Rose,14,HI/SI,3.278,0.87,IGI,198986486,,94400.0,in_stock
YRA-0023-18R-10,RG-023,Cia Diamond Ring,Rings,18Kt,Rose,10,IJ/SI,3.09,0.89,GIA,532171731,,78100.0,sold
YRA-0024-14W-6,RG-024,Dua Diamond Ring,Rings,14Kt,White,6,HI/SI,5.359,1.09,IGI,319734580,,121900.0,sold
YRA-0024-14W-10,RG-024,Dua Diamond Ring,Rings,14Kt,White,10,IJ/SI,5.685,1.1,IGI,380887549,,105700.0,sold
YRA-0024-14W-8,RG-024,Dua Diamond Ring,Rings,14Kt,White,8,HI/SI,5.52,1.08,GIA,923827298,,122500.0,in_stock
YRA-0024-14Y-10,RG-024,Dua Diamond Ring,Rings,14Kt,Yellow,10,IJ/SI,5.685,1.1,IGI,294063154,,105700.0,in_stock
YRA-0024-14Y-18,RG-024,Dua Diamond Ring,Rings,14Kt,Yellow,18,HI/SI,6.399,1.07,GIA,857600380,,129100.0,in_stock
YRA-0024-14Y-8,RG-024,Dua Diamond Ring,Rings,14Kt,Yellow,8,HI/SI,5.52,1.11,GIA,228758857,,124600.0,in_stock
YRA-0024-18Y-6,RG-024,Dua Diamond Ring,Rings,18Kt,Yellow,6,JK/SI,6.431,1.07,GIA,296140722,,104500.0,in_stock
YRA-0024-18Y-18,RG-024,Dua Diamond Ring,Rings,18Kt,Yellow,18,HI/SI,7.679,1.08,IGI,284816723,,153100.0,in_stock
YRA-0024-18Y-10,RG-024,Dua Diamond Ring,Rings,18Kt,Yellow,10,IJ/SI,6.822,1.08,IGI,693601985,,125400.0,sold
YRA-0024-18R-20,RG-024,Dua Diamond Ring,Rings,18Kt,Rose,20,JK/SI,7.909,1.1,GIA,159880236,,120300.0,in_stock
YRA-0024-18R-6,RG-024,Dua Diamond Ring,Rings,18Kt,Rose,6,HI/SI,6.431,1.08,IGI,826804211,,140700.0,in_stock
YRA-0024-18R-8,RG-024,Dua Diamond Ring,Rings,18Kt,Rose,8,IJ/SI,6.624,1.09,IGI,605437522,,124000.0,in_stock
YRA-0025-14Y-6,RG-025,Ela Diamond Ring,Rings,14Kt,Yellow,6,HI/SI,2.889,0.94,GIA,123338996,,90700.0,in_stock
YRA-0025-14Y-8,RG-025,Ela Diamond Ring,Rings,14Kt,Yellow,8,IJ/SI,2.976,0.93,GIA,983754835,,74200.0,in_stock
YRA-0025-14Y-12,RG-025,Ela Diamond Ring,Rings,14Kt,Yellow,12,IJ/SI,3.157,0.91,IGI,456459817,,74600.0,in_stock
YRA-0025-14W-12,RG-025,Ela Diamond Ring,Rings,14Kt,White,12,HI/SI,3.157,0.93,GIA,260408428,,92200.0,in_stock
YRA-0025-14W-8,RG-025,Ela Diamond Ring,Rings,14Kt,White,8,HI/SI,2.976,0.93,IGI,391099071,,90700.0,in_stock
YRA-0025-14W-18,RG-025,Ela Diamond Ring,Rings,14Kt,White,18,HI/SI,3.45,0.92,GIA,627214687,,93900.0,in_stock
YRA-0025-18R-12,RG-025,Ela Diamond Ring,Rings,18Kt,Rose,12,JK/SI,3.788,0.94,IGI,701233666,,73300.0,in_stock
YRA-0025-18R-8,RG-025,Ela Diamond Ring,Rings,18Kt,Rose,8,IJ/SI,3.571,0.92,IGI,491142620,,84500.0,in_stock
YRA-0025-18R-6,RG-025,Ela Diamond Ring,Rings,18Kt,Rose,6,HI/SI,3.467,0.92,IGI,204759463,,99800.0,in_stock
YRA-0025-18W-8,RG-025,Ela Diamond Ring,Rings,18Kt,White,8,IJ/SI,3.571,0.94,IGI,786990168,,85600.0,in_stock
YRA-0025-18W-12,RG-025,Ela Diamond Ring,Rings,18Kt,White,12,IJ/SI,3.788,0.94,IGI,575676478,,87700.0,in_stock
YRA-0025-18W-6,RG-025,Ela Diamond Ring,Rings,18Kt,White,6,JK/SI,3.467,0.94,GIA,299523377,,70100.0,in_stock
YRA-0026-14W-18,RG-026,Fia Diamond Ring,Rings,14Kt,White,18,JK/SI,2.384,1.11,IGI,725919650,,61800.0,in_stock
YRA-0026-14W-8,RG-026,Fia Diamond Ring,Rings,14Kt,White,8,JK/SI,2.057,1.1,GIA,874872196,,58700.0,sold
YRA-0026-14W-6,RG-026,Fia Diamond Ring,Rings,14Kt,White,6,IJ/SI,1.997,1.12,GIA,402535092,,76200.0,sold
YRA-0026-14R-18,RG-026,Fia Diamond Ring,Rings,14Kt,Rose,18,IJ/SI,2.384,1.12,IGI,814556114,,79400.0,in_stock
YRA-0026-14R-8,RG-026,Fia Diamond Ring,Rings,14Kt,Rose,8,IJ/SI,2.057,1.11,IGI,275543988,,76200.0,in_stock
YRA-0026-14R-6,RG-026,Fia Diamond Ring,Rings,14Kt,Rose,6,HI/SI,1.997,1.12,GIA,658155684,,96100.0,sold
YRA-0026-18W-8,RG-026,Fia Diamond Ring,Rings,18Kt,White,8,IJ/SI,2.468,1.13,GIA,718810062,,84700.0,sold
YRA-0026-18W-18,RG-026,Fia Diamond Ring,Rings,18Kt,White,18,HI/SI,2.861,1.1,GIA,579360082,,106600.0,in_stock
YRA-0026-18W-6,RG-026,Fia Diamond Ring,Rings,18Kt,White,6,JK/SI,2.396,1.12,IGI,122213362,,66200.0,in_stock
YRA-0026-18Y-8,RG-026,Fia Diamond Ring,Rings,18Kt,Yellow,8,IJ/SI,2.468,1.11,GIA,696313505,,83700.0,sold
YRA-0026-18Y-6,RG-026,Fia Diamond Ring,Rings,18Kt,Yellow,6,HI/SI,2.396,1.1,IGI,380696835,,102000.0,in_stock
YRA-0026-18Y-18,RG-026,Fia Diamond Ring,Rings,18Kt,Yellow,18,JK/SI,2.861,1.12,GIA,661471702,,70900.0,in_stock
YRA-0027-14Y-6,RG-027,Gia Diamond Ring,Rings,14Kt,Yellow,6,JK/SI,3.66,0.75,GIA,276440519,,58700.0,sold
YRA-0027-14Y-12,RG-027,Gia Diamond Ring,Rings,14Kt,Yellow,12,JK/SI,3.999,0.73,GIA,845036422,,60800.0,in_stock
YRA-0027-14Y-18,RG-027,Gia Diamond Ring,Rings,14Kt,Yellow,18,JK/SI,4.37,0.76,IGI,524808207,,65000.0,sold
YRA-0027-14W-14,RG-027,Gia Diamond Ring,Rings,14Kt,White,14,IJ/SI,4.119,0.75,GIA,706046246,,74100.0,sold
YRA-0027-14W-18,RG-027,Gia Diamond Ring,Rings,14Kt,White,18,IJ/SI,4.37,0.77,IGI,448836991,,77200.0,in_stock
YRA-0027-14W-6,RG-027,Gia Diamond Ring,Rings,14Kt,White,6,IJ/SI,3.66,0.77,IGI,553265228,,71300.0,in_stock
YRA-0027-18Y-14,RG-027,Gia Diamond Ring,Rings,18Kt,Yellow,14,HI/SI,4.943,0.74,IGI,342105641,,101700.0,in_stock
YRA-0027-18Y-6,RG-027,Gia Diamond Ring,Rings,18Kt,Yellow,6,IJ/SI,4.392,0.77,IGI,968945529,,84700.0,sold
YRA-0027-18Y-12,RG-027,Gia Diamond Ring,Rings,18Kt,Yellow,12,HI/SI,4.799,0.77,IGI,788885210,,102400.0,in_stock
YRA-0027-18R-12,RG-027,Gia Diamond Ring,Rings,18Kt,Rose,12,HI/SI,4.799,0.75,IGI,369059453,,101000.0,in_stock
YRA-0027-18R-18,RG-027,Gia Diamond Ring,Rings,18Kt,Rose,18,HI/SI,5.244,0.73,IGI,408725305,,104000.0,in_stock
YRA-0027-18R-16,RG-027,Gia Diamond Ring,Rings,18Kt,Rose,16,HI/SI,5.092,0.74,IGI,164788806,,103200.0,in_stock
YRA-0028-14W-20,RG-028,Hia Diamond Ring,Rings,14Kt,White,20,IJ/SI,7.093,0.73,GIA,754931617,,97700.0,in_stock
YRA-0028-14W-10,RG-028,Hia Diamond Ring,Rings,14Kt,White,10,IJ/SI,6.118,0.71,IGI,689026983,,88500.0,in_stock
YRA-0028-14W-12,RG-028,Hia Diamond Ring,Rings,14Kt,White,12,JK/SI,6.302,0.72,GIA,757988648,,79500.0,in_stock
YRA-0028-14R-20,RG-028,Hia Diamond Ring,Rings,14Kt,Rose,20,HI/SI,7.093,0.71,GIA,728872672,,109200.0,in_stock
YRA-0028-14R-10,RG-028,Hia Diamond Ring,Rings,14Kt,Rose,10,HI/SI,6.118,0.74,IGI,447841361,,103300.0,in_stock
YRA-0028-14R-12,RG-028,Hia Diamond Ring,Rings,14Kt,Rose,12,IJ/SI,6.302,0.72,IGI,417295280,,90600.0,in_stock
YRA-0028-18Y-12,RG-028,Hia Diamond Ring,Rings,18Kt,Yellow,12,HI/SI,7.562,0.72,GIA,995855040,,126400.0,in_stock
YRA-0028-18Y-10,RG-028,Hia Diamond Ring,Rings,18Kt,Yellow,10,HI/SI,7.342,0.73,IGI,827631093,,124900.0,in_stock
YRA-0028-18Y-20,RG-028,Hia Diamond Ring,Rings,18Kt,Yellow,20,IJ/SI,8.512,0.71,GIA,250675203,,122500.0,in_stock
YRA-0028-18W-12,RG-028,Hia Diamond Ring,Rings,18Kt,White,12,JK/SI,7.562,0.73,GIA,388495795,,102900.0,sold
YRA-0028-18W-20,RG-028,Hia Diamond Ring,Rings,18Kt,White,20,JK/SI,8.512,0.73,IGI,543491668,,112300.0,sold
YRA-0028-18W-10,RG-028,Hia Diamond Ring,Rings,18Kt,White,10,JK/SI,7.342,0.7,IGI,634598000,,99500.0,in_stock
YRA-0029-14R-18,RG-029,Isha Diamond Ring,Rings,14Kt,Rose,18,HI/SI,7.068,1.35,GIA,508745674,,154500.0,in_stock
YRA-0029-14R-16,RG-029,Isha Diamond Ring,Rings,14Kt,Rose,16,IJ/SI,6.862,1.33,IGI,567771192,,127700.0,in_stock
YRA-0029-14R-10,RG-029,Isha Diamond Ring,Rings,14Kt,Rose,10,HI/SI,6.28,1.34,GIA,447749449,,147300.0,sold
YRA-0029-14W-10,RG-029,Isha Diamond Ring,Rings,14Kt,White,10,HI/SI,6.28,1.36,IGI,150940546,,148700.0,in_stock
YRA-0029-14W-18,RG-029,Isha Diamond Ring,Rings,14Kt,White,18,IJ/SI,7.068,1.36,GIA,678209551,,131000.0,in_stock
YRA-0029-14W-20,RG-029,Isha Diamond Ring,Rings,14Kt,White,20,JK/SI,7.28,1.34,GIA,518241313,,111100.0,in_stock
YRA-0029-18Y-18,RG-029,Isha Diamond Ring,Rings,18Kt,Yellow,18,HI/SI,8.482,1.34,GIA,502025682,,179600.0,in_stock
YRA-0029-18Y-20,RG-029,Isha Diamond Ring,Rings,18Kt,Yellow,20,JK/SI,8.736,1.35,IGI,302093455,,138000.0,sold
YRA-0029-18Y-16,RG-029,Isha Diamond Ring,Rings,18Kt,Yellow,16,IJ/SI,8.234,1.34,GIA,842576360,,153300.0,in_stock
YRA-0029-18R-20,RG-029,Isha Diamond Ring,Rings,18Kt,Rose,20,HI/SI,8.736,1.33,GIA,650393199,,181400.0,in_stock
YRA-0029-18R-18,RG-029,Isha Diamond Ring,Rings,18Kt,Rose,18,IJ/SI,8.482,1.35,GIA,981063847,,156300.0,sold
YRA-0029-18R-10,RG-029,Isha Diamond Ring,Rings,18Kt,Rose,10,IJ/SI,7.536,1.34,IGI,662702029,,146400.0,in_stock
YRA-0030-14R-12,RG-030,Jia Diamond Ring,Rings,14Kt,Rose,12,JK/SI,4.302,1.01,IGI,311151760,,73900.0,in_stock
YRA-0030-14R-20,RG-030,Jia Diamond Ring,Rings,14Kt,Rose,20,JK/SI,4.842,1.02,GIA,794508426,,78800.0,sold
YRA-0030-14R-6,RG-030,Jia Diamond Ring,Rings,14Kt,Rose,6,HI/SI,3.937,1.01,IGI,541415762,,104400.0,in_stock
YRA-0030-14Y-16,RG-030,Jia Diamond Ring,Rings,14Kt,Yellow,16,HI/SI,4.564,1.02,IGI,207485442,,110300.0,in_stock
YRA-0030-14Y-14,RG-030,Jia Diamond Ring,Rings,14Kt,Yellow,14,IJ/SI,4.431,1.03,GIA,758208298,,91600.0,in_stock
YRA-0030-14Y-12,RG-030,Jia Diamond Ring,Rings,14Kt,Yellow,12,JK/SI,4.302,1.02,IGI,835045640,,74300.0,sold
YRA-0030-18R-16,RG-030,Jia Diamond Ring,Rings,18Kt,Rose,16,IJ/SI,5.477,1.0,IGI,725195172,,107700.0,in_stock
YRA-0030-18R-12,RG-030,Jia Diamond Ring,Rings,18Kt,Rose,12,JK/SI,5.162,1.0,GIA,120989875,,89200.0,in_stock
YRA-0030-18R-14,RG-030,Jia Diamond Ring,Rings,18Kt,Rose,14,JK/SI,5.317,1.03,IGI,572061016,,91900.0,in_stock
YRA-0030-18Y-16,RG-030,Jia Diamond Ring,Rings,18Kt,Yellow,16,JK/SI,5.477,0.99,IGI,438006949,,92000.0,in_stock
YRA-0045-18R-OS,ER-015,Ivy Diamond Earrings,Earrings,18Kt,Rose,,IJ/SI,4.411,0.29,IGI,481973197,,59300.0,in_stock
YRA-0030-18Y-14,RG-030,Jia Diamond Ring,Rings,18Kt,Yellow,14,IJ/SI,5.317,1.02,GIA,549228269,,107200.0,in_stock
YRA-0030-18Y-6,RG-030,Jia Diamond Ring,Rings,18Kt,Yellow,6,IJ/SI,4.724,1.03,IGI,360841799,,101900.0,in_stock
YRA-0031-14Y-OS,ER-001,Aura Diamond Earrings,Earrings,14Kt,Yellow,,IJ/SI,5.037,0.24,GIA,300309527,,54500.0,in_stock
YRA-0031-14W-OS,ER-001,Aura Diamond Earrings,Earrings,14Kt,White,,IJ/SI,5.037,0.27,GIA,223358279,,56100.0,in_stock
YRA-0031-18R-OS,ER-001,Aura Diamond Earrings,Earrings,18Kt,Rose,,HI/SI,6.044,0.25,IGI,553416500,,77900.0,sold
YRA-0031-18W-OS,ER-001,Aura Diamond Earrings,Earrings,18Kt,White,,HI/SI,6.044,0.24,GIA,305294595,,77100.0,in_stock
YRA-0032-14Y-OS,ER-002,Celeste Diamond Earrings,Earrings,14Kt,Yellow,,HI/SI,3.55,0.51,GIA,601494153,,65600.0,sold
YRA-0032-14W-OS,ER-002,Celeste Diamond Earrings,Earrings,14Kt,White,,HI/SI,3.55,0.53,GIA,478943536,,67100.0,in_stock
YRA-0032-18R-OS,ER-002,Celeste Diamond Earrings,Earrings,18Kt,Rose,,JK/SI,4.26,0.53,IGI,419173651,,62400.0,sold
YRA-0032-18W-OS,ER-002,Celeste Diamond Earrings,Earrings,18Kt,White,,HI/SI,4.26,0.52,GIA,825100509,,79300.0,in_stock
YRA-0033-14R-OS,ER-003,Vega Diamond Earrings,Earrings,14Kt,Rose,,HI/SI,5.179,0.13,IGI,682604623,,52100.0,sold
YRA-0033-14Y-OS,ER-003,Vega Diamond Earrings,Earrings,14Kt,Yellow,,IJ/SI,5.179,0.15,IGI,806008300,,50900.0,in_stock
YRA-0033-18Y-OS,ER-003,Vega Diamond Earrings,Earrings,18Kt,Yellow,,JK/SI,6.215,0.12,IGI,845889116,,66300.0,in_stock
YRA-0033-18R-OS,ER-003,Vega Diamond Earrings,Earrings,18Kt,Rose,,IJ/SI,6.215,0.15,IGI,811621107,,69800.0,sold
YRA-0034-14W-OS,ER-004,Ira Diamond Earrings,Earrings,14Kt,White,,IJ/SI,2.306,0.35,IGI,977065413,,37700.0,in_stock
YRA-0034-14R-OS,ER-004,Ira Diamond Earrings,Earrings,14Kt,Rose,,IJ/SI,2.306,0.36,GIA,932146481,,38300.0,in_stock
YRA-0034-18W-OS,ER-004,Ira Diamond Earrings,Earrings,18Kt,White,,HI/SI,2.767,0.39,IGI,493614244,,55200.0,in_stock
YRA-0034-18Y-OS,ER-004,Ira Diamond Earrings,Earrings,18Kt,Yellow,,IJ/SI,2.767,0.38,GIA,127126589,,47700.0,in_stock
YRA-0035-14R-OS,ER-005,Zoya Diamond Earrings,Earrings,14Kt,Rose,,JK/SI,5.147,0.13,IGI,865134546,,47600.0,in_stock
YRA-0035-14Y-OS,ER-005,Zoya Diamond Earrings,Earrings,14Kt,Yellow,,JK/SI,5.147,0.14,IGI,562463832,,47900.0,in_stock
YRA-0035-18R-OS,ER-005,Zoya Diamond Earrings,Earrings,18Kt,Rose,,HI/SI,6.176,0.14,GIA,775872788,,71300.0,in_stock
YRA-0035-18Y-OS,ER-005,Zoya Diamond Earrings,Earrings,18Kt,Yellow,,HI/SI,6.176,0.13,GIA,869480057,,70600.0,in_stock
YRA-0036-14Y-OS,ER-006,Meera Diamond Earrings,Earrings,14Kt,Yellow,,JK/SI,6.166,0.3,IGI,139868892,,62400.0,sold
YRA-0036-14W-OS,ER-006,Meera Diamond Earrings,Earrings,14Kt,White,,IJ/SI,6.166,0.27,IGI,548004077,,65500.0,in_stock
YRA-0036-18R-OS,ER-006,Meera Diamond Earrings,Earrings,18Kt,Rose,,HI/SI,7.399,0.27,GIA,555240463,,92800.0,in_stock
YRA-0036-18Y-OS,ER-006,Meera Diamond Earrings,Earrings,18Kt,Yellow,,JK/SI,7.399,0.27,GIA,646167705,,83800.0,in_stock
YRA-0037-14Y-OS,ER-007,Tara Diamond Earrings,Earrings,14Kt,Yellow,,JK/SI,5.142,0.22,GIA,287400977,,50900.0,in_stock
YRA-0037-14W-OS,ER-007,Tara Diamond Earrings,Earrings,14Kt,White,,JK/SI,5.142,0.22,IGI,684042105,,50900.0,in_stock
YRA-0037-18Y-OS,ER-007,Tara Diamond Earrings,Earrings,18Kt,Yellow,,IJ/SI,6.17,0.19,IGI,316263329,,71500.0,in_stock
YRA-0037-18W-OS,ER-007,Tara Diamond Earrings,Earrings,18Kt,White,,JK/SI,6.17,0.19,GIA,819766064,,68500.0,in_stock
YRA-0038-14W-OS,ER-008,Kiara Diamond Earrings,Earrings,14Kt,White,,HI/SI,5.175,0.41,GIA,775814897,,72000.0,sold
YRA-0038-14Y-OS,ER-008,Kiara Diamond Earrings,Earrings,14Kt,Yellow,,HI/SI,5.175,0.41,IGI,742831274,,72000.0,sold
YRA-0038-18R-OS,ER-008,Kiara Diamond Earrings,Earrings,18Kt,Rose,,IJ/SI,6.21,0.39,IGI,487063315,,82500.0,in_stock
YRA-0038-18Y-OS,ER-008,Kiara Diamond Earrings,Earrings,18Kt,Yellow,,IJ/SI,6.21,0.39,GIA,311648580,,82500.0,in_stock
YRA-0039-14W-OS,ER-009,Nyla Diamond Earrings,Earrings,14Kt,White,,IJ/SI,3.39,0.98,GIA,190164017,,80300.0,in_stock
YRA-0039-14Y-OS,ER-009,Nyla Diamond Earrings,Earrings,14Kt,Yellow,,JK/SI,3.39,0.99,GIA,216825780,,65600.0,in_stock
YRA-0039-18R-OS,ER-009,Nyla Diamond Earrings,Earrings,18Kt,Rose,,JK/SI,4.068,0.99,GIA,108914347,,78000.0,in_stock
YRA-0039-18W-OS,ER-009,Nyla Diamond Earrings,Earrings,18Kt,White,,IJ/SI,4.068,0.98,GIA,801231724,,92700.0,in_stock
YRA-0040-14Y-OS,ER-010,Rhea Diamond Earrings,Earrings,14Kt,Yellow,,JK/SI,2.624,0.04,GIA,897063427,,23200.0,in_stock
YRA-0040-14W-OS,ER-010,Rhea Diamond Earrings,Earrings,14Kt,White,,JK/SI,2.624,0.06,GIA,443764478,,24000.0,in_stock
YRA-0040-18Y-OS,ER-010,Rhea Diamond Earrings,Earrings,18Kt,Yellow,,IJ/SI,3.149,0.07,IGI,161978611,,35000.0,in_stock
YRA-0040-18R-OS,ER-010,Rhea Diamond Earrings,Earrings,18Kt,Rose,,JK/SI,3.149,0.06,GIA,154274416,,33600.0,sold
YRA-0041-14W-OS,ER-011,Sana Diamond Earrings,Earrings,14Kt,White,,IJ/SI,4.225,0.72,GIA,196272932,,73400.0,sold
YRA-0041-14Y-OS,ER-011,Sana Diamond Earrings,Earrings,14Kt,Yellow,,IJ/SI,4.225,0.74,IGI,334371272,,74400.0,in_stock
YRA-0041-18Y-OS,ER-011,Sana Diamond Earrings,Earrings,18Kt,Yellow,,JK/SI,5.07,0.74,GIA,253719173,,78400.0,in_stock
YRA-0041-18W-OS,ER-011,Sana Diamond Earrings,Earrings,18Kt,White,,JK/SI,5.07,0.74,GIA,463642627,,78400.0,in_stock
YRA-0042-14W-OS,ER-012,Diya Diamond Earrings,Earrings,14Kt,White,,IJ/SI,2.04,1.19,IGI,682742929,,80300.0,in_stock
YRA-0042-14R-OS,ER-012,Diya Diamond Earrings,Earrings,14Kt,Rose,,JK/SI,2.04,1.19,IGI,530964512,,62000.0,sold
YRA-0042-18W-OS,ER-012,Diya Diamond Earrings,Earrings,18Kt,White,,HI/SI,2.448,1.2,GIA,754068384,,109600.0,in_stock
YRA-0042-18Y-OS,ER-012,Diya Diamond Earrings,Earrings,18Kt,Yellow,,IJ/SI,2.448,1.19,GIA,616182305,,87700.0,in_stock
YRA-0043-14W-OS,ER-013,Aria Diamond Earrings,Earrings,14Kt,White,,HI/SI,2.616,0.36,GIA,695794891,,47200.0,in_stock
YRA-0043-14R-OS,ER-013,Aria Diamond Earrings,Earrings,14Kt,Rose,,JK/SI,2.616,0.35,IGI,706465495,,34900.0,in_stock
YRA-0043-18R-OS,ER-013,Aria Diamond Earrings,Earrings,18Kt,Rose,,HI/SI,3.139,0.34,IGI,337575264,,55300.0,sold
YRA-0043-18Y-OS,ER-013,Aria Diamond Earrings,Earrings,18Kt,Yellow,,HI/SI,3.139,0.34,IGI,669916338,,55300.0,in_stock
YRA-0044-14R-OS,ER-014,Luna Diamond Earrings,Earrings,14Kt,Rose,,HI/SI,5.191,0.14,IGI,772800940,,52900.0,sold
YRA-0044-14Y-OS,ER-014,Luna Diamond Earrings,Earrings,14Kt,Yellow,,HI/SI,5.191,0.14,GIA,991431977,,52900.0,in_stock
YRA-0044-18W-OS,ER-014,Luna Diamond Earrings,Earrings,18Kt,White,,HI/SI,6.229,0.15,GIA,932128440,,72600.0,in_stock
YRA-0044-18Y-OS,ER-014,Luna Diamond Earrings,Earrings,18Kt,Yellow,,JK/SI,6.229,0.12,IGI,534174483,,66500.0,in_stock
YRA-0045-14Y-OS,ER-015,Ivy Diamond Earrings,Earrings,14Kt,Yellow,,JK/SI,3.676,0.28,GIA,280394073,,41000.0,in_stock
YRA-0045-14W-OS,ER-015,Ivy Diamond Earrings,Earrings,14Kt,White,,JK/SI,3.676,0.29,IGI,986513971,,41400.0,in_stock
YRA-0045-18Y-OS,ER-015,Ivy Diamond Earrings,Earrings,18Kt,Yellow,,JK/SI,4.411,0.28,GIA,875004321,,54500.0,in_stock
YRA-0046-14Y-OS,ER-016,Maya Diamond Earrings,Earrings,14Kt,Yellow,,JK/SI,5.614,0.07,GIA,221951485,,49200.0,sold
YRA-0046-14R-OS,ER-016,Maya Diamond Earrings,Earrings,14Kt,Rose,,HI/SI,5.614,0.09,GIA,298930857,,52900.0,in_stock
YRA-0046-18R-OS,ER-016,Maya Diamond Earrings,Earrings,18Kt,Rose,,JK/SI,6.737,0.1,GIA,678138719,,70800.0,sold
YRA-0046-18W-OS,ER-016,Maya Diamond Earrings,Earrings,18Kt,White,,IJ/SI,6.737,0.1,GIA,114818389,,72300.0,in_stock
YRA-0047-14W-OS,ER-017,Nora Diamond Earrings,Earrings,14Kt,White,,HI/SI,6.475,0.66,GIA,522427306,,100500.0,in_stock
YRA-0047-14R-OS,ER-017,Nora Diamond Earrings,Earrings,14Kt,Rose,,JK/SI,6.475,0.67,IGI,487548287,,79000.0,in_stock
YRA-0047-18Y-OS,ER-017,Nora Diamond Earrings,Earrings,18Kt,Yellow,,JK/SI,7.77,0.67,IGI,326967718,,102700.0,in_stock
YRA-0047-18R-OS,ER-017,Nora Diamond Earrings,Earrings,18Kt,Rose,,IJ/SI,7.77,0.64,GIA,719594610,,111400.0,in_stock
YRA-0048-14W-OS,ER-018,Pia Diamond Earrings,Earrings,14Kt,White,,IJ/SI,6.218,0.99,IGI,636872765,,104300.0,sold
YRA-0048-14Y-OS,ER-018,Pia Diamond Earrings,Earrings,14Kt,Yellow,,JK/SI,6.218,0.99,IGI,850126018,,89000.0,in_stock
YRA-0048-18W-OS,ER-018,Pia Diamond Earrings,Earrings,18Kt,White,,IJ/SI,7.462,1.01,IGI,489672113,,128000.0,sold
YRA-0048-18Y-OS,ER-018,Pia Diamond Earrings,Earrings,18Kt,Yellow,,HI/SI,7.462,1.01,IGI,831576606,,146000.0,in_stock
YRA-0049-14Y-OS,ER-019,Riya Diamond Earrings,Earrings,14Kt,Yellow,,IJ/SI,6.333,1.53,GIA,361372382,,134000.0,sold
YRA-0049-14R-OS,ER-019,Riya Diamond Earrings,Earrings,14Kt,Rose,,HI/SI,6.333,1.54,IGI,320505894,,161900.0,in_stock
YRA-0049-18W-OS,ER-019,Riya Diamond Earrings,Earrings,18Kt,White,,IJ/SI,7.6,1.52,GIA,281375635,,156600.0,in_stock
YRA-0049-18R-OS,ER-019,Riya Diamond Earrings,Earrings,18Kt,Rose,,JK/SI,7.6,1.51,GIA,370709270,,132800.0,in_stock
YRA-0050-14R-OS,ER-020,Sia Diamond Earrings,Earrings,14Kt,Rose,,IJ/SI,4.481,1.34,GIA,874387914,,108500.0,sold
YRA-0050-14W-OS,ER-020,Sia Diamond Earrings,Earrings,14Kt,White,,IJ/SI,4.481,1.3,GIA,288155024,,106400.0,in_stock
YRA-0050-18R-OS,ER-020,Sia Diamond Earrings,Earrings,18Kt,Rose,,JK/SI,5.377,1.33,GIA,354371062,,103900.0,in_stock
YRA-0050-18Y-OS,ER-020,Sia Diamond Earrings,Earrings,18Kt,Yellow,,IJ/SI,5.377,1.31,GIA,315121733,,123300.0,sold
YRA-0051-14Y-OS,ER-021,Avni Diamond Earrings,Earrings,14Kt,Yellow,,HI/SI,3.272,0.86,IGI,390589591,,88200.0,in_stock
YRA-0051-14R-OS,ER-021,Avni Diamond Earrings,Earrings,14Kt,Rose,,JK/SI,3.272,0.87,GIA,129606930,,60100.0,in_stock
YRA-0051-18R-OS,ER-021,Avni Diamond Earrings,Earrings,18Kt,Rose,,IJ/SI,3.926,0.86,GIA,287373120,,84900.0,in_stock
YRA-0051-18Y-OS,ER-021,Avni Diamond Earrings,Earrings,18Kt,Yellow,,HI/SI,3.926,0.85,IGI,772496575,,99400.0,in_stock
YRA-0052-14W-OS,ER-022,Bela Diamond Earrings,Earrings,14Kt,White,,JK/SI,5.492,1.34,GIA,268232446,,96300.0,in_stock
YRA-0052-14R-OS,ER-022,Bela Diamond Earrings,Earrings,14Kt,Rose,,HI/SI,5.492,1.35,IGI,484232877,,141400.0,sold
YRA-0052-18R-OS,ER-022,Bela Diamond Earrings,Earrings,18Kt,Rose,,JK/SI,6.59,1.36,IGI,805834226,,117100.0,sold
YRA-0052-18W-OS,ER-022,Bela Diamond Earrings,Earrings,18Kt,White,,HI/SI,6.59,1.36,GIA,973439673,,162200.0,in_stock
YRA-0053-14R-OS,ER-023,Cia Diamond Earrings,Earrings,14Kt,Rose,,HI/SI,5.435,1.15,GIA,207149460,,126700.0,in_stock
YRA-0053-14W-OS,ER-023,Cia Diamond Earrings,Earrings,14Kt,White,,IJ/SI,5.435,1.17,IGI,775282763,,107400.0,in_stock
YRA-0053-18Y-OS,ER-023,Cia Diamond Earrings,Earrings,18Kt,Yellow,,HI/SI,6.522,1.16,IGI,683333441,,147300.0,in_stock
YRA-0053-18W-OS,ER-023,Cia Diamond Earrings,Earrings,18Kt,White,,HI/SI,6.522,1.16,GIA,750767308,,147300.0,in_stock
YRA-0054-14R-OS,ER-024,Dua Diamond Earrings,Earrings,14Kt,Rose,,IJ/SI,2.672,0.11,IGI,783034651,,28000.0,sold
YRA-0054-14Y-OS,ER-024,Dua Diamond Earrings,Earrings,14Kt,Yellow,,IJ/SI,2.672,0.13,GIA,327732623,,29000.0,in_stock
YRA-0054-18Y-OS,ER-024,Dua Diamond Earrings,Earrings,18Kt,Yellow,,HI/SI,3.206,0.12,IGI,966243079,,40400.0,in_stock
YRA-0054-18W-OS,ER-024,Dua Diamond Earrings,Earrings,18Kt,White,,IJ/SI,3.206,0.11,IGI,344938495,,37700.0,in_stock
YRA-0055-14R-OS,ER-025,Ela Diamond Earrings,Earrings,14Kt,Rose,,IJ/SI,3.845,0.36,IGI,348443097,,51000.0,in_stock
YRA-0055-14Y-OS,ER-025,Ela Diamond Earrings,Earrings,14Kt,Yellow,,IJ/SI,3.845,0.36,GIA,420469340,,51000.0,sold
YRA-0055-18R-OS,ER-025,Ela Diamond Earrings,Earrings,18Kt,Rose,,HI/SI,4.614,0.39,GIA,925923933,,73600.0,in_stock
YRA-0055-18Y-OS,ER-025,Ela Diamond Earrings,Earrings,18Kt,Yellow,,IJ/SI,4.614,0.38,GIA,194954134,,66100.0,in_stock
YRA-0056-14W-OS,ER-026,Fia Diamond Earrings,Earrings,14Kt,White,,HI/SI,4.185,1.16,GIA,149595315,,117100.0,in_stock
YRA-0056-14Y-OS,ER-026,Fia Diamond Earrings,Earrings,14Kt,Yellow,,HI/SI,4.185,1.15,GIA,250107754,,116400.0,sold
YRA-0056-18R-OS,ER-026,Fia Diamond Earrings,Earrings,18Kt,Rose,,HI/SI,5.022,1.15,IGI,243220283,,131600.0,sold
YRA-0056-18Y-OS,ER-026,Fia Diamond Earrings,Earrings,18Kt,Yellow,,JK/SI,5.022,1.13,GIA,204741786,,92700.0,sold
YRA-0057-14Y-OS,ER-027,Gia Diamond Earrings,Earrings,14Kt,Yellow,,JK/SI,4.09,0.18,IGI,140666911,,40700.0,in_stock
YRA-0057-14W-OS,ER-027,Gia Diamond Earrings,Earrings,14Kt,White,,JK/SI,4.09,0.19,GIA,849926928,,41100.0,in_stock
YRA-0057-18Y-OS,ER-027,Gia Diamond Earrings,Earrings,18Kt,Yellow,,IJ/SI,4.908,0.21,IGI,218485110,,60000.0,in_stock
YRA-0057-18W-OS,ER-027,Gia Diamond Earrings,Earrings,18Kt,White,,HI/SI,4.908,0.19,GIA,102760085,,62300.0,in_stock
YRA-0058-14R-OS,ER-028,Hia Diamond Earrings,Earrings,14Kt,Rose,,HI/SI,5.084,0.09,IGI,885333004,,48500.0,in_stock
YRA-0058-14Y-OS,ER-028,Hia Diamond Earrings,Earrings,14Kt,Yellow,,HI/SI,5.084,0.11,GIA,388840651,,49900.0,in_stock
YRA-0058-18Y-OS,ER-028,Hia Diamond Earrings,Earrings,18Kt,Yellow,,IJ/SI,6.101,0.1,GIA,386912341,,66000.0,in_stock
YRA-0058-18W-OS,ER-028,Hia Diamond Earrings,Earrings,18Kt,White,,JK/SI,6.101,0.11,GIA,684082888,,64800.0,in_stock
YRA-0059-14R-OS,ER-029,Isha Diamond Earrings,Earrings,14Kt,Rose,,IJ/SI,3.488,0.19,IGI,515621437,,39000.0,sold
YRA-0059-14W-OS,ER-029,Isha Diamond Earrings,Earrings,14Kt,White,,HI/SI,3.488,0.21,IGI,356722523,,43800.0,in_stock
YRA-0059-18R-OS,ER-029,Isha Diamond Earrings,Earrings,18Kt,Rose,,HI/SI,4.186,0.21,IGI,193214932,,56500.0,sold
YRA-0059-18W-OS,ER-029,Isha Diamond Earrings,Earrings,18Kt,White,,JK/SI,4.186,0.2,IGI,535745242,,49200.0,in_stock
YRA-0060-14W-OS,ER-030,Jia Diamond Earrings,Earrings,14Kt,White,,JK/SI,3.46,0.77,GIA,351722176,,57800.0,sold
YRA-0060-14R-OS,ER-030,Jia Diamond Earrings,Earrings,14Kt,Rose,,IJ/SI,3.46,0.78,GIA,864689884,,70200.0,in_stock
YRA-0060-18W-OS,ER-030,Jia Diamond Earrings,Earrings,18Kt,White,,JK/SI,4.152,0.77,GIA,177304168,,70400.0,in_stock
YRA-0060-18R-OS,ER-030,Jia Diamond Earrings,Earrings,18Kt,Rose,,HI/SI,4.152,0.77,GIA,381618699,,96000.0,sold
YRA-0061-14Y-OS,NK-001,Aura Diamond Pendant,Necklaces & Pendants,14Kt,Yellow,,JK/SI,4.13,0.3,IGI,973331151,,45600.0,in_stock
YRA-0061-14R-OS,NK-001,Aura Diamond Pendant,Necklaces & Pendants,14Kt,Rose,,HI/SI,4.13,0.31,GIA,290818467,,56200.0,in_stock
YRA-0061-18W-OS,NK-001,Aura Diamond Pendant,Necklaces & Pendants,18Kt,White,,IJ/SI,4.956,0.29,GIA,232106766,,64700.0,in_stock
YRA-0061-18Y-OS,NK-001,Aura Diamond Pendant,Necklaces & Pendants,18Kt,Yellow,,IJ/SI,4.956,0.31,IGI,491673413,,65800.0,in_stock
YRA-0062-14R-OS,NK-002,Celeste Diamond Pendant,Necklaces & Pendants,14Kt,Rose,,HI/SI,5.614,0.5,IGI,106356046,,82000.0,in_stock
YRA-0062-14W-OS,NK-002,Celeste Diamond Pendant,Necklaces & Pendants,14Kt,White,,JK/SI,5.614,0.48,IGI,768667900,,64700.0,in_stock
YRA-0062-18R-OS,NK-002,Celeste Diamond Pendant,Necklaces & Pendants,18Kt,Rose,,JK/SI,6.737,0.48,IGI,100867487,,85200.0,in_stock
YRA-0062-18W-OS,NK-002,Celeste Diamond Pendant,Necklaces & Pendants,18Kt,White,,HI/SI,6.737,0.47,GIA,871140465,,100400.0,in_stock
YRA-0063-14Y-OS,NK-003,Vega Diamond Pendant,Necklaces & Pendants,14Kt,Yellow,,IJ/SI,6.126,0.75,GIA,147137415,,90700.0,in_stock
YRA-0063-14W-OS,NK-003,Vega Diamond Pendant,Necklaces & Pendants,14Kt,White,,HI/SI,6.126,0.75,GIA,538005375,,104000.0,in_stock
YRA-0063-18W-OS,NK-003,Vega Diamond Pendant,Necklaces & Pendants,18Kt,White,,IJ/SI,7.351,0.74,IGI,764169143,,112500.0,in_stock
YRA-0063-18R-OS,NK-003,Vega Diamond Pendant,Necklaces & Pendants,18Kt,Rose,,JK/SI,7.351,0.77,GIA,168028229,,102300.0,in_stock
YRA-0064-14W-OS,NK-004,Ira Diamond Pendant,Necklaces & Pendants,14Kt,White,,JK/SI,3.483,0.05,GIA,596260010,,30700.0,in_stock
YRA-0064-14Y-OS,NK-004,Ira Diamond Pendant,Necklaces & Pendants,14Kt,Yellow,,IJ/SI,3.483,0.07,IGI,169895502,,32600.0,in_stock
YRA-0064-18R-OS,NK-004,Ira Diamond Pendant,Necklaces & Pendants,18Kt,Rose,,HI/SI,4.18,0.07,IGI,895050168,,46500.0,in_stock
YRA-0064-18Y-OS,NK-004,Ira Diamond Pendant,Necklaces & Pendants,18Kt,Yellow,,JK/SI,4.18,0.07,GIA,694691844,,44200.0,in_stock
YRA-0065-14R-OS,NK-005,Zoya Diamond Pendant,Necklaces & Pendants,14Kt,Rose,,HI/SI,3.744,1.11,GIA,159060838,,109900.0,sold
YRA-0065-14Y-OS,NK-005,Zoya Diamond Pendant,Necklaces & Pendants,14Kt,Yellow,,IJ/SI,3.744,1.09,GIA,158817778,,89100.0,in_stock
YRA-0065-18W-OS,NK-005,Zoya Diamond Pendant,Necklaces & Pendants,18Kt,White,,HI/SI,4.493,1.11,GIA,977085417,,123500.0,in_stock
YRA-0065-18R-OS,NK-005,Zoya Diamond Pendant,Necklaces & Pendants,18Kt,Rose,,IJ/SI,4.493,1.11,GIA,304279816,,103800.0,in_stock
YRA-0066-14W-OS,NK-006,Meera Diamond Pendant,Necklaces & Pendants,14Kt,White,,IJ/SI,2.027,1.09,GIA,366848969,,74900.0,sold
YRA-0066-14R-OS,NK-006,Meera Diamond Pendant,Necklaces & Pendants,14Kt,Rose,,JK/SI,2.027,1.09,GIA,427456219,,58100.0,in_stock
YRA-0066-18Y-OS,NK-006,Meera Diamond Pendant,Necklaces & Pendants,18Kt,Yellow,,IJ/SI,2.432,1.08,GIA,804720201,,81700.0,in_stock
YRA-0066-18W-OS,NK-006,Meera Diamond Pendant,Necklaces & Pendants,18Kt,White,,IJ/SI,2.432,1.08,GIA,315034026,,81700.0,in_stock
YRA-0067-14R-OS,NK-007,Tara Diamond Pendant,Necklaces & Pendants,14Kt,Rose,,IJ/SI,5.181,0.42,IGI,862953845,,65300.0,in_stock
YRA-0067-14Y-OS,NK-007,Tara Diamond Pendant,Necklaces & Pendants,14Kt,Yellow,,JK/SI,5.181,0.43,GIA,535944200,,59200.0,sold
YRA-0067-18R-OS,NK-007,Tara Diamond Pendant,Necklaces & Pendants,18Kt,Rose,,HI/SI,6.217,0.43,IGI,565704129,,92400.0,sold
YRA-0067-18Y-OS,NK-007,Tara Diamond Pendant,Necklaces & Pendants,18Kt,Yellow,,HI/SI,6.217,0.39,IGI,974343817,,89500.0,in_stock
YRA-0068-14W-OS,NK-008,Kiara Diamond Pendant,Necklaces & Pendants,14Kt,White,,JK/SI,2.811,0.38,IGI,256525251,,37700.0,sold
YRA-0068-14R-OS,NK-008,Kiara Diamond Pendant,Necklaces & Pendants,14Kt,Rose,,JK/SI,2.811,0.38,IGI,600002054,,37700.0,in_stock
YRA-0068-18Y-OS,NK-008,Kiara Diamond Pendant,Necklaces & Pendants,18Kt,Yellow,,JK/SI,3.373,0.37,GIA,858287081,,47500.0,sold
YRA-0068-18W-OS,NK-008,Kiara Diamond Pendant,Necklaces & Pendants,18Kt,White,,HI/SI,3.373,0.38,IGI,847010368,,60500.0,in_stock
YRA-0069-14R-OS,NK-009,Nyla Diamond Pendant,Necklaces & Pendants,14Kt,Rose,,HI/SI,2.721,0.2,IGI,958319144,,36700.0,in_stock
YRA-0069-14W-OS,NK-009,Nyla Diamond Pendant,Necklaces & Pendants,14Kt,White,,HI/SI,2.721,0.2,GIA,507994649,,36700.0,in_stock
YRA-0069-18R-OS,NK-009,Nyla Diamond Pendant,Necklaces & Pendants,18Kt,Rose,,JK/SI,3.265,0.22,IGI,312768453,,40800.0,in_stock
YRA-0069-18Y-OS,NK-009,Nyla Diamond Pendant,Necklaces & Pendants,18Kt,Yellow,,IJ/SI,3.265,0.22,GIA,828970656,,44200.0,in_stock
YRA-0070-14R-OS,NK-010,Rhea Diamond Pendant,Necklaces & Pendants,14Kt,Rose,,IJ/SI,2.175,0.51,IGI,315295711,,45200.0,in_stock
YRA-0070-14W-OS,NK-010,Rhea Diamond Pendant,Necklaces & Pendants,14Kt,White,,JK/SI,2.175,0.54,IGI,316171000,,38500.0,in_stock
YRA-0070-18R-OS,NK-010,Rhea Diamond Pendant,Necklaces & Pendants,18Kt,Rose,,IJ/SI,2.61,0.53,IGI,722888977,,54200.0,in_stock
YRA-0070-18Y-OS,NK-010,Rhea Diamond Pendant,Necklaces & Pendants,18Kt,Yellow,,IJ/SI,2.61,0.55,IGI,263439402,,55200.0,in_stock
YRA-0071-14R-OS,NK-011,Sana Diamond Pendant,Necklaces & Pendants,14Kt,Rose,,IJ/SI,2.225,0.58,IGI,902041499,,49300.0,in_stock
YRA-0071-14Y-OS,NK-011,Sana Diamond Pendant,Necklaces & Pendants,14Kt,Yellow,,JK/SI,2.225,0.58,GIA,595421102,,40400.0,in_stock
YRA-0071-18Y-OS,NK-011,Sana Diamond Pendant,Necklaces & Pendants,18Kt,Yellow,,JK/SI,2.67,0.57,IGI,545952902,,48100.0,in_stock
YRA-0071-18W-OS,NK-011,Sana Diamond Pendant,Necklaces & Pendants,18Kt,White,,IJ/SI,2.67,0.56,IGI,485942708,,56400.0,in_stock
YRA-0072-14Y-OS,NK-012,Diya Diamond Pendant,Necklaces & Pendants,14Kt,Yellow,,HI/SI,6.237,0.15,IGI,264363681,,62300.0,in_stock
YRA-0072-14R-OS,NK-012,Diya Diamond Pendant,Necklaces & Pendants,14Kt,Rose,,HI/SI,6.237,0.17,GIA,602311212,,63700.0,in_stock
YRA-0072-18W-OS,NK-012,Diya Diamond Pendant,Necklaces & Pendants,18Kt,White,,IJ/SI,7.484,0.17,IGI,404388395,,83500.0,in_stock
YRA-0072-18Y-OS,NK-012,Diya Diamond Pendant,Necklaces & Pendants,18Kt,Yellow,,HI/SI,7.484,0.16,IGI,880160240,,85800.0,sold
YRA-0073-14Y-OS,NK-013,Aria Diamond Pendant,Necklaces & Pendants,14Kt,Yellow,,IJ/SI,4.258,1.31,IGI,555269554,,105100.0,in_stock
YRA-0073-14W-OS,NK-013,Aria Diamond Pendant,Necklaces & Pendants,14Kt,White,,IJ/SI,4.258,1.32,IGI,190544387,,105600.0,in_stock
YRA-0073-18Y-OS,NK-013,Aria Diamond Pendant,Necklaces & Pendants,18Kt,Yellow,,JK/SI,5.11,1.31,IGI,981935046,,100400.0,in_stock
YRA-0073-18W-OS,NK-013,Aria Diamond Pendant,Necklaces & Pendants,18Kt,White,,HI/SI,5.11,1.32,IGI,330746891,,144600.0,in_stock
YRA-0074-14R-OS,NK-014,Luna Diamond Pendant,Necklaces & Pendants,14Kt,Rose,,HI/SI,5.113,1.22,IGI,946766920,,129000.0,in_stock
YRA-0074-14W-OS,NK-014,Luna Diamond Pendant,Necklaces & Pendants,14Kt,White,,JK/SI,5.113,1.22,IGI,262386789,,88600.0,sold
YRA-0074-18Y-OS,NK-014,Luna Diamond Pendant,Necklaces & Pendants,18Kt,Yellow,,HI/SI,6.136,1.2,GIA,860851084,,146300.0,sold
YRA-0074-18W-OS,NK-014,Luna Diamond Pendant,Necklaces & Pendants,18Kt,White,,IJ/SI,6.136,1.23,IGI,634002235,,126600.0,in_stock
YRA-0075-14R-OS,NK-015,Ivy Diamond Pendant,Necklaces & Pendants,14Kt,Rose,,IJ/SI,3.485,0.53,IGI,962583975,,57100.0,sold
YRA-0075-14Y-OS,NK-015,Ivy Diamond Pendant,Necklaces & Pendants,14Kt,Yellow,,JK/SI,3.485,0.53,GIA,244892161,,48900.0,in_stock
YRA-0075-18W-OS,NK-015,Ivy Diamond Pendant,Necklaces & Pendants,18Kt,White,,JK/SI,4.182,0.54,GIA,993843483,,62000.0,sold
YRA-0075-18R-OS,NK-015,Ivy Diamond Pendant,Necklaces & Pendants,18Kt,Rose,,HI/SI,4.182,0.53,GIA,514276144,,79200.0,sold
YRA-0076-14R-OS,NK-016,Maya Diamond Pendant,Necklaces & Pendants,14Kt,Rose,,JK/SI,5.53,1.31,GIA,703019602,,95500.0,in_stock
YRA-0076-14Y-OS,NK-016,Maya Diamond Pendant,Necklaces & Pendants,14Kt,Yellow,,JK/SI,5.53,1.32,IGI,520920867,,95800.0,in_stock
YRA-0076-18R-OS,NK-016,Maya Diamond Pendant,Necklaces & Pendants,18Kt,Rose,,IJ/SI,6.636,1.33,IGI,345185760,,136900.0,in_stock
YRA-0076-18W-OS,NK-016,Maya Diamond Pendant,Necklaces & Pendants,18Kt,White,,IJ/SI,6.636,1.33,GIA,951423020,,136900.0,in_stock
YRA-0077-14R-OS,NK-017,Nora Diamond Pendant,Necklaces & Pendants,14Kt,Rose,,IJ/SI,3.352,0.26,IGI,189227215,,41600.0,in_stock
YRA-0077-14W-OS,NK-017,Nora Diamond Pendant,Necklaces & Pendants,14Kt,White,,JK/SI,3.352,0.27,IGI,413674050,,38000.0,in_stock
YRA-0077-18R-OS,NK-017,Nora Diamond Pendant,Necklaces & Pendants,18Kt,Rose,,IJ/SI,4.022,0.27,GIA,809742733,,54400.0,in_stock
YRA-0077-18Y-OS,NK-017,Nora Diamond Pendant,Necklaces & Pendants,18Kt,Yellow,,HI/SI,4.022,0.25,IGI,503347817,,57700.0,sold
YRA-0078-14W-OS,NK-018,Pia Diamond Pendant,Necklaces & Pendants,14Kt,White,,IJ/SI,2.828,0.14,IGI,991878769,,30900.0,sold
YRA-0078-14R-OS,NK-018,Pia Diamond Pendant,Necklaces & Pendants,14Kt,Rose,,HI/SI,2.828,0.15,IGI,288277061,,34100.0,in_stock
YRA-0078-18Y-OS,NK-018,Pia Diamond Pendant,Necklaces & Pendants,18Kt,Yellow,,JK/SI,3.394,0.15,GIA,890902834,,39400.0,in_stock
YRA-0078-18R-OS,NK-018,Pia Diamond Pendant,Necklaces & Pendants,18Kt,Rose,,JK/SI,3.394,0.13,GIA,244990250,,38600.0,sold
YRA-0079-14R-OS,NK-019,Riya Diamond Pendant,Necklaces & Pendants,14Kt,Rose,,JK/SI,6.022,1.04,IGI,802871788,,89300.0,in_stock
YRA-0079-14W-OS,NK-019,Riya Diamond Pendant,Necklaces & Pendants,14Kt,White,,HI/SI,6.022,1.01,IGI,996374598,,121700.0,sold
YRA-0079-18Y-OS,NK-019,Riya Diamond Pendant,Necklaces & Pendants,18Kt,Yellow,,JK/SI,7.226,1.02,IGI,882609042,,110500.0,in_stock
YRA-0079-18R-OS,NK-019,Riya Diamond Pendant,Necklaces & Pendants,18Kt,Rose,,IJ/SI,7.226,1.02,GIA,247094707,,126200.0,in_stock
YRA-0080-14W-OS,NK-020,Sia Diamond Pendant,Necklaces & Pendants,14Kt,White,,HI/SI,6.215,1.1,GIA,929869812,,129700.0,in_stock
YRA-0080-14R-OS,NK-020,Sia Diamond Pendant,Necklaces & Pendants,14Kt,Rose,,IJ/SI,6.215,1.09,IGI,964258717,,109600.0,sold
YRA-0080-18W-OS,NK-020,Sia Diamond Pendant,Necklaces & Pendants,18Kt,White,,JK/SI,7.458,1.09,GIA,841795704,,115500.0,sold
YRA-0080-18R-OS,NK-020,Sia Diamond Pendant,Necklaces & Pendants,18Kt,Rose,,JK/SI,7.458,1.08,GIA,986776666,,115100.0,in_stock
YRA-0081-14Y-OS,NK-021,Avni Diamond Pendant,Necklaces & Pendants,14Kt,Yellow,,IJ/SI,4.396,1.47,IGI,392433055,,114800.0,in_stock
YRA-0081-14R-OS,NK-021,Avni Diamond Pendant,Necklaces & Pendants,14Kt,Rose,,HI/SI,4.396,1.47,GIA,570617179,,140900.0,in_stock
YRA-0081-18W-OS,NK-021,Avni Diamond Pendant,Necklaces & Pendants,18Kt,White,,IJ/SI,5.275,1.44,GIA,951768362,,129200.0,sold
YRA-0081-18R-OS,NK-021,Avni Diamond Pendant,Necklaces & Pendants,18Kt,Rose,,HI/SI,5.275,1.44,GIA,638219049,,154800.0,sold
YRA-0082-14Y-OS,NK-022,Bela Diamond Pendant,Necklaces & Pendants,14Kt,Yellow,,JK/SI,4.867,0.73,GIA,668378070,,68000.0,in_stock
YRA-0082-14R-OS,NK-022,Bela Diamond Pendant,Necklaces & Pendants,14Kt,Rose,,HI/SI,4.867,0.74,GIA,582816069,,92900.0,sold
YRA-0082-18Y-OS,NK-022,Bela Diamond Pendant,Necklaces & Pendants,18Kt,Yellow,,IJ/SI,5.84,0.72,GIA,361322923,,96400.0,sold
YRA-0082-18R-OS,NK-022,Bela Diamond Pendant,Necklaces & Pendants,18Kt,Rose,,HI/SI,5.84,0.75,GIA,995930209,,111400.0,sold
YRA-0083-14R-OS,NK-023,Cia Diamond Pendant,Necklaces & Pendants,14Kt,Rose,,IJ/SI,2.501,0.16,GIA,475510437,,29200.0,sold
YRA-0083-14W-OS,NK-023,Cia Diamond Pendant,Necklaces & Pendants,14Kt,White,,HI/SI,2.501,0.17,GIA,818773956,,32800.0,sold
YRA-0083-18R-OS,NK-023,Cia Diamond Pendant,Necklaces & Pendants,18Kt,Rose,,JK/SI,3.001,0.15,IGI,543676154,,35500.0,in_stock
YRA-0083-18Y-OS,NK-023,Cia Diamond Pendant,Necklaces & Pendants,18Kt,Yellow,,JK/SI,3.001,0.14,IGI,720432915,,35100.0,in_stock
YRA-0084-14Y-OS,NK-024,Dua Diamond Pendant,Necklaces & Pendants,14Kt,Yellow,,IJ/SI,2.963,0.31,IGI,897799732,,41000.0,sold
YRA-0084-14W-OS,NK-024,Dua Diamond Pendant,Necklaces & Pendants,14Kt,White,,IJ/SI,2.963,0.33,GIA,240959542,,42100.0,in_stock
YRA-0084-18W-OS,NK-024,Dua Diamond Pendant,Necklaces & Pendants,18Kt,White,,IJ/SI,3.556,0.31,IGI,928418102,,51900.0,in_stock
YRA-0084-18R-OS,NK-024,Dua Diamond Pendant,Necklaces & Pendants,18Kt,Rose,,IJ/SI,3.556,0.32,IGI,340375197,,52400.0,in_stock
YRA-0085-14R-OS,NK-025,Ela Diamond Pendant,Necklaces & Pendants,14Kt,Rose,,JK/SI,3.619,0.34,IGI,579825521,,42800.0,in_stock
YRA-0085-14Y-OS,NK-025,Ela Diamond Pendant,Necklaces & Pendants,14Kt,Yellow,,IJ/SI,3.619,0.34,IGI,142525907,,48100.0,in_stock
YRA-0085-18R-OS,NK-025,Ela Diamond Pendant,Necklaces & Pendants,18Kt,Rose,,IJ/SI,4.343,0.36,GIA,455447524,,62400.0,in_stock
YRA-0085-18Y-OS,NK-025,Ela Diamond Pendant,Necklaces & Pendants,18Kt,Yellow,,JK/SI,4.343,0.35,IGI,402482291,,56400.0,sold
YRA-0086-14Y-OS,NK-026,Fia Diamond Pendant,Necklaces & Pendants,14Kt,Yellow,,JK/SI,5.639,1.39,IGI,529646396,,99400.0,in_stock
YRA-0086-14R-OS,NK-026,Fia Diamond Pendant,Necklaces & Pendants,14Kt,Rose,,IJ/SI,5.639,1.4,IGI,815875802,,121300.0,sold
YRA-0086-18Y-OS,NK-026,Fia Diamond Pendant,Necklaces & Pendants,18Kt,Yellow,,IJ/SI,6.767,1.4,GIA,176645790,,141900.0,in_stock
YRA-0086-18R-OS,NK-026,Fia Diamond Pendant,Necklaces & Pendants,18Kt,Rose,,IJ/SI,6.767,1.38,GIA,833009466,,140800.0,sold
YRA-0087-14W-OS,NK-027,Gia Diamond Pendant,Necklaces & Pendants,14Kt,White,,HI/SI,4.78,0.29,IGI,930342310,,60200.0,in_stock
YRA-0087-14Y-OS,NK-027,Gia Diamond Pendant,Necklaces & Pendants,14Kt,Yellow,,JK/SI,4.78,0.29,GIA,902784895,,50600.0,sold
YRA-0087-18Y-OS,NK-027,Gia Diamond Pendant,Necklaces & Pendants,18Kt,Yellow,,HI/SI,5.736,0.27,GIA,113973187,,76200.0,sold
YRA-0087-18W-OS,NK-027,Gia Diamond Pendant,Necklaces & Pendants,18Kt,White,,JK/SI,5.736,0.3,GIA,698883316,,68400.0,in_stock
YRA-0088-14R-OS,NK-028,Hia Diamond Pendant,Necklaces & Pendants,14Kt,Rose,,IJ/SI,2.736,0.4,IGI,468226590,,44000.0,in_stock
YRA-0088-14Y-OS,NK-028,Hia Diamond Pendant,Necklaces & Pendants,14Kt,Yellow,,IJ/SI,2.736,0.38,GIA,188842301,,42900.0,sold
YRA-0088-18R-OS,NK-028,Hia Diamond Pendant,Necklaces & Pendants,18Kt,Rose,,HI/SI,3.283,0.41,IGI,667259199,,61800.0,in_stock
YRA-0088-18W-OS,NK-028,Hia Diamond Pendant,Necklaces & Pendants,18Kt,White,,HI/SI,3.283,0.39,GIA,370519049,,60300.0,in_stock
YRA-0089-14R-OS,NK-029,Isha Diamond Pendant,Necklaces & Pendants,14Kt,Rose,,HI/SI,6.219,0.98,IGI,881558318,,121200.0,in_stock
YRA-0089-14Y-OS,NK-029,Isha Diamond Pendant,Necklaces & Pendants,14Kt,Yellow,,HI/SI,6.219,0.99,IGI,597906925,,121900.0,sold
YRA-0089-18Y-OS,NK-029,Isha Diamond Pendant,Necklaces & Pendants,18Kt,Yellow,,IJ/SI,7.463,1.0,GIA,620257947,,127500.0,sold
YRA-0089-18W-OS,NK-029,Isha Diamond Pendant,Necklaces & Pendants,18Kt,White,,HI/SI,7.463,1.01,IGI,319519883,,146000.0,sold
YRA-0090-14Y-OS,NK-030,Jia Diamond Pendant,Necklaces & Pendants,14Kt,Yellow,,HI/SI,3.722,0.28,GIA,799975378,,50700.0,in_stock
YRA-0090-14W-OS,NK-030,Jia Diamond Pendant,Necklaces & Pendants,14Kt,White,,HI/SI,3.722,0.28,GIA,843063869,,50700.0,sold
YRA-0090-18W-OS,NK-030,Jia Diamond Pendant,Necklaces & Pendants,18Kt,White,,IJ/SI,4.466,0.25,GIA,167368383,,57700.0,in_stock
YRA-0090-18Y-OS,NK-030,Jia Diamond Pendant,Necklaces & Pendants,18Kt,Yellow,,HI/SI,4.466,0.28,IGI,521233571,,64300.0,in_stock
YRA-0091-14Y-OS,BR-001,Aura Diamond Bracelet,Bracelets & Bangles,14Kt,Yellow,,HI/SI,5.354,0.11,GIA,358182086,,52200.0,sold
YRA-0091-14W-OS,BR-001,Aura Diamond Bracelet,Bracelets & Bangles,14Kt,White,,JK/SI,5.354,0.15,IGI,697200036,,50000.0,in_stock
YRA-0091-18R-OS,BR-001,Aura Diamond Bracelet,Bracelets & Bangles,18Kt,Rose,,IJ/SI,6.425,0.11,IGI,614157782,,69700.0,sold
YRA-0091-18W-OS,BR-001,Aura Diamond Bracelet,Bracelets & Bangles,18Kt,White,,JK/SI,6.425,0.11,IGI,300722620,,68000.0,in_stock
YRA-0092-14Y-OS,BR-002,Celeste Diamond Bracelet,Bracelets & Bangles,14Kt,Yellow,,HI/SI,4.381,0.93,IGI,857987301,,102400.0,in_stock
YRA-0092-14W-OS,BR-002,Celeste Diamond Bracelet,Bracelets & Bangles,14Kt,White,,IJ/SI,4.381,0.93,GIA,526231301,,85800.0,in_stock
YRA-0092-18W-OS,BR-002,Celeste Diamond Bracelet,Bracelets & Bangles,18Kt,White,,JK/SI,5.257,0.91,GIA,324152401,,86700.0,in_stock
YRA-0092-18Y-OS,BR-002,Celeste Diamond Bracelet,Bracelets & Bangles,18Kt,Yellow,,HI/SI,5.257,0.94,GIA,218541923,,119100.0,in_stock
YRA-0093-14R-OS,BR-003,Vega Diamond Bracelet,Bracelets & Bangles,14Kt,Rose,,IJ/SI,2.389,0.42,IGI,630574395,,42100.0,in_stock
YRA-0093-14W-OS,BR-003,Vega Diamond Bracelet,Bracelets & Bangles,14Kt,White,,HI/SI,2.389,0.45,IGI,184669131,,51700.0,in_stock
YRA-0093-18Y-OS,BR-003,Vega Diamond Bracelet,Bracelets & Bangles,18Kt,Yellow,,IJ/SI,2.867,0.43,GIA,756078328,,51400.0,in_stock
YRA-0093-18W-OS,BR-003,Vega Diamond Bracelet,Bracelets & Bangles,18Kt,White,,JK/SI,2.867,0.42,IGI,123158138,,44400.0,sold
YRA-0094-14Y-OS,BR-004,Ira Diamond Bracelet,Bracelets & Bangles,14Kt,Yellow,,JK/SI,5.225,0.06,IGI,371276949,,45500.0,sold
YRA-0094-14R-OS,BR-004,Ira Diamond Bracelet,Bracelets & Bangles,14Kt,Rose,,HI/SI,5.225,0.07,GIA,510483016,,48200.0,in_stock
YRA-0094-18R-OS,BR-004,Ira Diamond Bracelet,Bracelets & Bangles,18Kt,Rose,,JK/SI,6.27,0.08,GIA,918547282,,65400.0,in_stock
YRA-0094-18Y-OS,BR-004,Ira Diamond Bracelet,Bracelets & Bangles,18Kt,Yellow,,IJ/SI,6.27,0.07,GIA,962884268,,66100.0,in_stock
YRA-0095-14Y-OS,BR-005,Zoya Diamond Bracelet,Bracelets & Bangles,14Kt,Yellow,,JK/SI,3.856,0.99,IGI,212586170,,69400.0,in_stock
YRA-0095-14R-OS,BR-005,Zoya Diamond Bracelet,Bracelets & Bangles,14Kt,Rose,,IJ/SI,3.856,0.99,GIA,494198132,,84700.0,in_stock
YRA-0095-18Y-OS,BR-005,Zoya Diamond Bracelet,Bracelets & Bangles,18Kt,Yellow,,JK/SI,4.627,0.97,IGI,797868154,,82800.0,in_stock
YRA-0095-18R-OS,BR-005,Zoya Diamond Bracelet,Bracelets & Bangles,18Kt,Rose,,IJ/SI,4.627,0.97,IGI,795563442,,97700.0,in_stock
YRA-0096-14W-OS,BR-006,Meera Diamond Bracelet,Bracelets & Bangles,14Kt,White,,JK/SI,3.293,0.86,GIA,908670095,,59900.0,in_stock
YRA-0096-14Y-OS,BR-006,Meera Diamond Bracelet,Bracelets & Bangles,14Kt,Yellow,,HI/SI,3.293,0.84,IGI,842113802,,87000.0,sold
YRA-0096-18W-OS,BR-006,Meera Diamond Bracelet,Bracelets & Bangles,18Kt,White,,JK/SI,3.952,0.85,IGI,804499082,,71500.0,in_stock
YRA-0096-18R-OS,BR-006,Meera Diamond Bracelet,Bracelets & Bangles,18Kt,Rose,,IJ/SI,3.952,0.83,GIA,183689393,,83500.0,in_stock
YRA-0097-14Y-OS,BR-007,Tara Diamond Bracelet,Bracelets & Bangles,14Kt,Yellow,,IJ/SI,2.301,0.75,GIA,848152501,,59000.0,in_stock
YRA-0097-14W-OS,BR-007,Tara Diamond Bracelet,Bracelets & Bangles,14Kt,White,,JK/SI,2.301,0.76,IGI,594599969,,47800.0,in_stock
YRA-0097-18Y-OS,BR-007,Tara Diamond Bracelet,Bracelets & Bangles,18Kt,Yellow,,HI/SI,2.761,0.76,IGI,324274140,,81400.0,sold
YRA-0097-18W-OS,BR-007,Tara Diamond Bracelet,Bracelets & Bangles,18Kt,White,,IJ/SI,2.761,0.77,IGI,303955303,,68500.0,in_stock
YRA-0098-14R-OS,BR-008,Kiara Diamond Bracelet,Bracelets & Bangles,14Kt,Rose,,HI/SI,2.403,0.54,GIA,372665933,,58300.0,in_stock
YRA-0098-14Y-OS,BR-008,Kiara Diamond Bracelet,Bracelets & Bangles,14Kt,Yellow,,HI/SI,2.403,0.53,IGI,169577488,,57500.0,in_stock
YRA-0098-18R-OS,BR-008,Kiara Diamond Bracelet,Bracelets & Bangles,18Kt,Rose,,IJ/SI,2.884,0.55,GIA,682162771,,58000.0,in_stock
YRA-0098-18Y-OS,BR-008,Kiara Diamond Bracelet,Bracelets & Bangles,18Kt,Yellow,,JK/SI,2.884,0.52,GIA,497802430,,48400.0,in_stock
YRA-0099-14W-OS,BR-009,Nyla Diamond Bracelet,Bracelets & Bangles,14Kt,White,,IJ/SI,4.354,1.22,GIA,358637672,,101100.0,in_stock
YRA-0099-14Y-OS,BR-009,Nyla Diamond Bracelet,Bracelets & Bangles,14Kt,Yellow,,HI/SI,4.354,1.2,IGI,206951192,,121300.0,in_stock
YRA-0099-18R-OS,BR-009,Nyla Diamond Bracelet,Bracelets & Bangles,18Kt,Rose,,IJ/SI,5.225,1.19,GIA,623371620,,115400.0,in_stock
YRA-0099-18Y-OS,BR-009,Nyla Diamond Bracelet,Bracelets & Bangles,18Kt,Yellow,,JK/SI,5.225,1.2,GIA,200645771,,97400.0,in_stock
YRA-0100-14Y-OS,BR-010,Rhea Diamond Bracelet,Bracelets & Bangles,14Kt,Yellow,,IJ/SI,4.182,0.36,GIA,356710183,,53800.0,sold
YRA-0100-14W-OS,BR-010,Rhea Diamond Bracelet,Bracelets & Bangles,14Kt,White,,HI/SI,4.182,0.37,IGI,619655417,,60900.0,in_stock
YRA-0100-18W-OS,BR-010,Rhea Diamond Bracelet,Bracelets & Bangles,18Kt,White,,IJ/SI,5.018,0.35,IGI,357416012,,68500.0,in_stock
YRA-0100-18R-OS,BR-010,Rhea Diamond Bracelet,Bracelets & Bangles,18Kt,Rose,,IJ/SI,5.018,0.37,IGI,208984511,,69600.0,in_stock
YRA-0101-14W-OS,BR-011,Sana Diamond Bracelet,Bracelets & Bangles,14Kt,White,,IJ/SI,3.194,0.35,GIA,173171029,,45100.0,in_stock
YRA-0101-14R-OS,BR-011,Sana Diamond Bracelet,Bracelets & Bangles,14Kt,Rose,,IJ/SI,3.194,0.39,GIA,293244302,,47200.0,in_stock
YRA-0101-18W-OS,BR-011,Sana Diamond Bracelet,Bracelets & Bangles,18Kt,White,,JK/SI,3.833,0.38,IGI,676736040,,52500.0,in_stock
YRA-0101-18Y-OS,BR-011,Sana Diamond Bracelet,Bracelets & Bangles,18Kt,Yellow,,JK/SI,3.833,0.38,IGI,799152207,,52500.0,in_stock
YRA-0102-14Y-OS,BR-012,Diya Diamond Bracelet,Bracelets & Bangles,14Kt,Yellow,,HI/SI,3.743,0.71,GIA,332967546,,81400.0,sold
YRA-0102-14R-OS,BR-012,Diya Diamond Bracelet,Bracelets & Bangles,14Kt,Rose,,HI/SI,3.743,0.68,IGI,426893931,,79300.0,in_stock
YRA-0102-18W-OS,BR-012,Diya Diamond Bracelet,Bracelets & Bangles,18Kt,White,,IJ/SI,4.492,0.71,IGI,829199618,,82500.0,in_stock
YRA-0102-18Y-OS,BR-012,Diya Diamond Bracelet,Bracelets & Bangles,18Kt,Yellow,,IJ/SI,4.492,0.68,IGI,170677952,,80900.0,in_stock
YRA-0103-14R-OS,BR-013,Aria Diamond Bracelet,Bracelets & Bangles,14Kt,Rose,,IJ/SI,4.302,0.37,GIA,342968786,,55300.0,sold
YRA-0103-14Y-OS,BR-013,Aria Diamond Bracelet,Bracelets & Bangles,14Kt,Yellow,,HI/SI,4.302,0.39,GIA,290598160,,63300.0,in_stock
YRA-0103-18W-OS,BR-013,Aria Diamond Bracelet,Bracelets & Bangles,18Kt,White,,HI/SI,5.162,0.38,IGI,989087883,,78300.0,sold
YRA-0103-18Y-OS,BR-013,Aria Diamond Bracelet,Bracelets & Bangles,18Kt,Yellow,,IJ/SI,5.162,0.37,GIA,610097290,,71000.0,in_stock
YRA-0104-14W-OS,BR-014,Luna Diamond Bracelet,Bracelets & Bangles,14Kt,White,,HI/SI,5.203,0.48,IGI,351588660,,77200.0,in_stock
YRA-0104-14Y-OS,BR-014,Luna Diamond Bracelet,Bracelets & Bangles,14Kt,Yellow,,IJ/SI,5.203,0.46,GIA,371847290,,67600.0,sold
YRA-0104-18W-OS,BR-014,Luna Diamond Bracelet,Bracelets & Bangles,18Kt,White,,JK/SI,6.244,0.49,GIA,864571901,,80600.0,in_stock
YRA-0104-18Y-OS,BR-014,Luna Diamond Bracelet,Bracelets & Bangles,18Kt,Yellow,,HI/SI,6.244,0.46,IGI,410997681,,94800.0,in_stock
YRA-0105-14R-OS,BR-015,Ivy Diamond Bracelet,Bracelets & Bangles,14Kt,Rose,,JK/SI,5.391,0.46,GIA,660383096,,62100.0,sold
YRA-0105-14Y-OS,BR-015,Ivy Diamond Bracelet,Bracelets & Bangles,14Kt,Yellow,,HI/SI,5.391,0.45,GIA,712371107,,76600.0,in_stock
YRA-0105-18W-OS,BR-015,Ivy Diamond Bracelet,Bracelets & Bangles,18Kt,White,,IJ/SI,6.469,0.47,GIA,662495187,,89400.0,in_stock
YRA-0105-18R-OS,BR-015,Ivy Diamond Bracelet,Bracelets & Bangles,18Kt,Rose,,JK/SI,6.469,0.47,IGI,770284027,,82100.0,in_stock
YRA-0106-14R-OS,BR-016,Maya Diamond Bracelet,Bracelets & Bangles,14Kt,Rose,,HI/SI,2.956,0.17,GIA,195509789,,36500.0,sold
YRA-0106-14W-OS,BR-016,Maya Diamond Bracelet,Bracelets & Bangles,14Kt,White,,IJ/SI,2.956,0.15,GIA,243805132,,32500.0,sold
YRA-0106-18Y-OS,BR-016,Maya Diamond Bracelet,Bracelets & Bangles,18Kt,Yellow,,IJ/SI,3.547,0.17,GIA,812251940,,44300.0,in_stock
YRA-0106-18R-OS,BR-016,Maya Diamond Bracelet,Bracelets & Bangles,18Kt,Rose,,HI/SI,3.547,0.15,IGI,385645495,,45900.0,in_stock
YRA-0107-14R-OS,BR-017,Nora Diamond Bracelet,Bracelets & Bangles,14Kt,Rose,,IJ/SI,4.294,0.35,GIA,288354489,,54200.0,sold
YRA-0107-14W-OS,BR-017,Nora Diamond Bracelet,Bracelets & Bangles,14Kt,White,,JK/SI,4.294,0.37,IGI,523085171,,49600.0,in_stock
YRA-0107-18W-OS,BR-017,Nora Diamond Bracelet,Bracelets & Bangles,18Kt,White,,JK/SI,5.153,0.37,IGI,781382309,,65200.0,in_stock
YRA-0107-18R-OS,BR-017,Nora Diamond Bracelet,Bracelets & Bangles,18Kt,Rose,,HI/SI,5.153,0.36,GIA,922691566,,76800.0,sold
YRA-0108-14Y-OS,BR-018,Pia Diamond Bracelet,Bracelets & Bangles,14Kt,Yellow,,IJ/SI,4.919,0.74,IGI,175216822,,80200.0,sold
YRA-0108-14R-OS,BR-018,Pia Diamond Bracelet,Bracelets & Bangles,14Kt,Rose,,HI/SI,4.919,0.74,IGI,104225747,,93300.0,in_stock
YRA-0108-18Y-OS,BR-018,Pia Diamond Bracelet,Bracelets & Bangles,18Kt,Yellow,,HI/SI,5.903,0.75,IGI,125707419,,112000.0,in_stock
YRA-0108-18R-OS,BR-018,Pia Diamond Bracelet,Bracelets & Bangles,18Kt,Rose,,HI/SI,5.903,0.75,IGI,604519673,,112000.0,in_stock
YRA-0109-14Y-OS,BR-019,Riya Diamond Bracelet,Bracelets & Bangles,14Kt,Yellow,,IJ/SI,4.35,0.15,IGI,168077883,,44000.0,in_stock
YRA-0109-14W-OS,BR-019,Riya Diamond Bracelet,Bracelets & Bangles,14Kt,White,,IJ/SI,4.35,0.17,IGI,950124058,,45100.0,sold
YRA-0109-18R-OS,BR-019,Riya Diamond Bracelet,Bracelets & Bangles,18Kt,Rose,,HI/SI,5.22,0.16,IGI,749802612,,63300.0,sold
YRA-0109-18W-OS,BR-019,Riya Diamond Bracelet,Bracelets & Bangles,18Kt,White,,HI/SI,5.22,0.16,IGI,843708462,,63300.0,in_stock
YRA-0110-14Y-OS,BR-020,Sia Diamond Bracelet,Bracelets & Bangles,14Kt,Yellow,,HI/SI,3.328,0.42,IGI,985680955,,57400.0,in_stock
YRA-0110-14R-OS,BR-020,Sia Diamond Bracelet,Bracelets & Bangles,14Kt,Rose,,HI/SI,3.328,0.41,IGI,306934478,,56700.0,sold
YRA-0110-18Y-OS,BR-020,Sia Diamond Bracelet,Bracelets & Bangles,18Kt,Yellow,,IJ/SI,3.994,0.42,IGI,906210293,,62100.0,in_stock
YRA-0110-18W-OS,BR-020,Sia Diamond Bracelet,Bracelets & Bangles,18Kt,White,,JK/SI,3.994,0.41,GIA,877849148,,55200.0,in_stock
YRA-0111-14Y-OS,BR-021,Avni Diamond Bracelet,Bracelets & Bangles,14Kt,Yellow,,JK/SI,3.03,0.47,GIA,240905412,,42900.0,in_stock
YRA-0111-14W-OS,BR-021,Avni Diamond Bracelet,Bracelets & Bangles,14Kt,White,,IJ/SI,3.03,0.44,GIA,525758121,,48500.0,in_stock
YRA-0111-18W-OS,BR-021,Avni Diamond Bracelet,Bracelets & Bangles,18Kt,White,,JK/SI,3.636,0.43,GIA,195710159,,52400.0,in_stock
YRA-0111-18R-OS,BR-021,Avni Diamond Bracelet,Bracelets & Bangles,18Kt,Rose,,HI/SI,3.636,0.44,IGI,288209049,,67400.0,sold
YRA-0112-14W-OS,BR-022,Bela Diamond Bracelet,Bracelets & Bangles,14Kt,White,,HI/SI,5.948,0.6,IGI,769735848,,91900.0,in_stock
YRA-0112-14R-OS,BR-022,Bela Diamond Bracelet,Bracelets & Bangles,14Kt,Rose,,IJ/SI,5.948,0.59,IGI,582782762,,80700.0,in_stock
YRA-0112-18R-OS,BR-022,Bela Diamond Bracelet,Bracelets & Bangles,18Kt,Rose,,IJ/SI,7.138,0.6,GIA,937255733,,103000.0,sold
YRA-0112-18W-OS,BR-022,Bela Diamond Bracelet,Bracelets & Bangles,18Kt,White,,JK/SI,7.138,0.61,IGI,212688013,,94100.0,sold
YRA-0113-14R-OS,BR-023,Cia Diamond Bracelet,Bracelets & Bangles,14Kt,Rose,,HI/SI,2.395,1.26,GIA,569604781,,109400.0,in_stock
YRA-0113-14Y-OS,BR-023,Cia Diamond Bracelet,Bracelets & Bangles,14Kt,Yellow,,JK/SI,2.395,1.26,IGI,868662935,,67600.0,sold
YRA-0113-18Y-OS,BR-023,Cia Diamond Bracelet,Bracelets & Bangles,18Kt,Yellow,,JK/SI,2.874,1.26,IGI,669112032,,76300.0,in_stock
YRA-0113-18W-OS,BR-023,Cia Diamond Bracelet,Bracelets & Bangles,18Kt,White,,HI/SI,2.874,1.25,GIA,281583716,,117400.0,in_stock
YRA-0114-14W-OS,BR-024,Dua Diamond Bracelet,Bracelets & Bangles,14Kt,White,,JK/SI,3.741,0.31,GIA,607631685,,42700.0,in_stock
YRA-0114-14Y-OS,BR-024,Dua Diamond Bracelet,Bracelets & Bangles,14Kt,Yellow,,IJ/SI,3.741,0.32,GIA,522196969,,48000.0,in_stock
YRA-0114-18W-OS,BR-024,Dua Diamond Bracelet,Bracelets & Bangles,18Kt,White,,IJ/SI,4.489,0.34,IGI,973390499,,62700.0,in_stock
YRA-0114-18Y-OS,BR-024,Dua Diamond Bracelet,Bracelets & Bangles,18Kt,Yellow,,HI/SI,4.489,0.34,GIA,650638409,,68800.0,in_stock
YRA-0115-14W-OS,BR-025,Ela Diamond Bracelet,Bracelets & Bangles,14Kt,White,,HI/SI,6.458,0.25,IGI,717285663,,71300.0,in_stock
YRA-0115-14R-OS,BR-025,Ela Diamond Bracelet,Bracelets & Bangles,14Kt,Rose,,IJ/SI,6.458,0.28,IGI,140289767,,68400.0,sold
YRA-0115-18R-OS,BR-025,Ela Diamond Bracelet,Bracelets & Bangles,18Kt,Rose,,IJ/SI,7.75,0.28,GIA,423806610,,92000.0,in_stock
YRA-0115-18Y-OS,BR-025,Ela Diamond Bracelet,Bracelets & Bangles,18Kt,Yellow,,IJ/SI,7.75,0.26,GIA,218371411,,90900.0,sold
YRA-0116-14W-OS,BR-026,Fia Diamond Bracelet,Bracelets & Bangles,14Kt,White,,IJ/SI,2.057,0.3,GIA,641755260,,33000.0,in_stock
YRA-0116-14Y-OS,BR-026,Fia Diamond Bracelet,Bracelets & Bangles,14Kt,Yellow,,IJ/SI,2.057,0.29,IGI,357483947,,32500.0,in_stock
YRA-0116-18R-OS,BR-026,Fia Diamond Bracelet,Bracelets & Bangles,18Kt,Rose,,HI/SI,2.468,0.28,GIA,931492008,,44400.0,in_stock
YRA-0116-18Y-OS,BR-026,Fia Diamond Bracelet,Bracelets & Bangles,18Kt,Yellow,,JK/SI,2.468,0.31,IGI,952113205,,36300.0,sold
YRA-0117-14R-OS,BR-027,Gia Diamond Bracelet,Bracelets & Bangles,14Kt,Rose,,HI/SI,4.465,1.04,GIA,127905393,,110900.0,sold
YRA-0117-14Y-OS,BR-027,Gia Diamond Bracelet,Bracelets & Bangles,14Kt,Yellow,,IJ/SI,4.465,1.04,IGI,760414609,,92400.0,in_stock
YRA-0117-18W-OS,BR-027,Gia Diamond Bracelet,Bracelets & Bangles,18Kt,White,,IJ/SI,5.358,1.05,GIA,434085391,,109200.0,sold
YRA-0117-18Y-OS,BR-027,Gia Diamond Bracelet,Bracelets & Bangles,18Kt,Yellow,,IJ/SI,5.358,1.08,GIA,442013759,,110800.0,sold
YRA-0118-14R-OS,BR-028,Hia Diamond Bracelet,Bracelets & Bangles,14Kt,Rose,,JK/SI,5.302,0.16,IGI,323267080,,50000.0,in_stock
YRA-0118-14W-OS,BR-028,Hia Diamond Bracelet,Bracelets & Bangles,14Kt,White,,JK/SI,5.302,0.16,IGI,803077011,,50000.0,sold
YRA-0118-18Y-OS,BR-028,Hia Diamond Bracelet,Bracelets & Bangles,18Kt,Yellow,,IJ/SI,6.362,0.16,IGI,870384242,,71800.0,in_stock
YRA-0118-18R-OS,BR-028,Hia Diamond Bracelet,Bracelets & Bangles,18Kt,Rose,,HI/SI,6.362,0.18,GIA,980910431,,76000.0,in_stock
YRA-0119-14R-OS,BR-029,Isha Diamond Bracelet,Bracelets & Bangles,14Kt,Rose,,JK/SI,5.352,0.08,IGI,547551343,,47400.0,in_stock
YRA-0119-14W-OS,BR-029,Isha Diamond Bracelet,Bracelets & Bangles,14Kt,White,,IJ/SI,5.352,0.08,IGI,627500188,,48600.0,in_stock
YRA-0119-18W-OS,BR-029,Isha Diamond Bracelet,Bracelets & Bangles,18Kt,White,,HI/SI,6.422,0.1,GIA,993001895,,71000.0,in_stock
YRA-0119-18Y-OS,BR-029,Isha Diamond Bracelet,Bracelets & Bangles,18Kt,Yellow,,HI/SI,6.422,0.1,IGI,797139800,,71000.0,in_stock
YRA-0120-14Y-OS,BR-030,Jia Diamond Bracelet,Bracelets & Bangles,14Kt,Yellow,,JK/SI,5.418,1.4,GIA,962650099,,97900.0,in_stock
YRA-0120-14W-OS,BR-030,Jia Diamond Bracelet,Bracelets & Bangles,14Kt,White,,JK/SI,5.418,1.4,GIA,748705408,,97900.0,in_stock
YRA-0120-18R-OS,BR-030,Jia Diamond Bracelet,Bracelets & Bangles,18Kt,Rose,,IJ/SI,6.502,1.41,IGI,199167886,,139800.0,sold
YRA-0120-18Y-OS,BR-030,Jia Diamond Bracelet,Bracelets & Bangles,18Kt,Yellow,,JK/SI,6.502,1.42,IGI,903542235,,118500.0,sold
YRA-0121-14R-8,SO-001,Aura Solitaire Ring,Solitaires,14Kt,Rose,8,HI/SI,4.17,1.19,GIA,252586690,,119100.0,in_stock
YRA-0121-14R-20,SO-001,Aura Solitaire Ring,Solitaires,14Kt,Rose,20,HI/SI,4.979,1.17,GIA,538360848,,124400.0,sold
YRA-0121-14R-16,SO-001,Aura Solitaire Ring,Solitaires,14Kt,Rose,16,HI/SI,4.693,1.17,IGI,273116077,,122000.0,sold
YRA-0121-14Y-14,SO-001,Aura Solitaire Ring,Solitaires,14Kt,Yellow,14,JK/SI,4.557,1.17,IGI,578393188,,82100.0,in_stock
YRA-0121-14Y-8,SO-001,Aura Solitaire Ring,Solitaires,14Kt,Yellow,8,IJ/SI,4.17,1.17,IGI,641768225,,96900.0,in_stock
YRA-0121-14Y-16,SO-001,Aura Solitaire Ring,Solitaires,14Kt,Yellow,16,IJ/SI,4.693,1.18,GIA,607952891,,101800.0,sold
YRA-0121-18R-8,SO-001,Aura Solitaire Ring,Solitaires,18Kt,Rose,8,HI/SI,5.004,1.17,GIA,853058535,,132900.0,in_stock
YRA-0121-18R-16,SO-001,Aura Solitaire Ring,Solitaires,18Kt,Rose,16,HI/SI,5.632,1.16,GIA,888181453,,138400.0,in_stock
YRA-0121-18R-14,SO-001,Aura Solitaire Ring,Solitaires,18Kt,Rose,14,JK/SI,5.468,1.17,GIA,793097392,,98700.0,in_stock
YRA-0121-18Y-10,SO-001,Aura Solitaire Ring,Solitaires,18Kt,Yellow,10,JK/SI,5.154,1.19,GIA,480611737,,96300.0,in_stock
YRA-0121-18Y-20,SO-001,Aura Solitaire Ring,Solitaires,18Kt,Yellow,20,JK/SI,5.975,1.19,GIA,564463357,,104500.0,in_stock
YRA-0121-18Y-8,SO-001,Aura Solitaire Ring,Solitaires,18Kt,Yellow,8,JK/SI,5.004,1.17,IGI,837116320,,94100.0,in_stock
YRA-0122-14R-18,SO-002,Celeste Solitaire Ring,Solitaires,14Kt,Rose,18,IJ/SI,3.984,1.21,GIA,394935282,,97500.0,in_stock
YRA-0122-14R-8,SO-002,Celeste Solitaire Ring,Solitaires,14Kt,Rose,8,IJ/SI,3.437,1.22,GIA,786302890,,93500.0,sold
YRA-0122-14R-16,SO-002,Celeste Solitaire Ring,Solitaires,14Kt,Rose,16,IJ/SI,3.868,1.18,GIA,754678514,,94900.0,in_stock
YRA-0122-14Y-16,SO-002,Celeste Solitaire Ring,Solitaires,14Kt,Yellow,16,HI/SI,3.868,1.21,GIA,970166111,,118000.0,sold
YRA-0122-14Y-18,SO-002,Celeste Solitaire Ring,Solitaires,14Kt,Yellow,18,IJ/SI,3.984,1.2,GIA,409172325,,96900.0,sold
YRA-0122-14Y-8,SO-002,Celeste Solitaire Ring,Solitaires,14Kt,Yellow,8,JK/SI,3.437,1.19,GIA,123363448,,73600.0,in_stock
YRA-0122-18Y-8,SO-002,Celeste Solitaire Ring,Solitaires,18Kt,Yellow,8,HI/SI,4.124,1.19,IGI,568822262,,125600.0,in_stock
YRA-0122-18Y-18,SO-002,Celeste Solitaire Ring,Solitaires,18Kt,Yellow,18,JK/SI,4.781,1.21,IGI,254531929,,93400.0,in_stock
YRA-0122-18Y-16,SO-002,Celeste Solitaire Ring,Solitaires,18Kt,Yellow,16,HI/SI,4.642,1.22,IGI,566040351,,132800.0,sold
YRA-0122-18W-18,SO-002,Celeste Solitaire Ring,Solitaires,18Kt,White,18,JK/SI,4.781,1.2,IGI,741015156,,93000.0,in_stock
YRA-0122-18W-16,SO-002,Celeste Solitaire Ring,Solitaires,18Kt,White,16,HI/SI,4.642,1.19,IGI,272281711,,130700.0,in_stock
YRA-0122-18W-8,SO-002,Celeste Solitaire Ring,Solitaires,18Kt,White,8,JK/SI,4.124,1.18,IGI,220619813,,85700.0,in_stock
YRA-0123-14R-10,SO-003,Vega Solitaire Ring,Solitaires,14Kt,Rose,10,JK/SI,2.41,0.69,IGI,277770668,,46100.0,in_stock
YRA-0123-14R-18,SO-003,Vega Solitaire Ring,Solitaires,14Kt,Rose,18,IJ/SI,2.712,0.66,IGI,578384605,,57600.0,in_stock
YRA-0123-14R-12,SO-003,Vega Solitaire Ring,Solitaires,14Kt,Rose,12,HI/SI,2.482,0.68,GIA,687689223,,68900.0,sold
YRA-0123-14W-12,SO-003,Vega Solitaire Ring,Solitaires,14Kt,White,12,HI/SI,2.482,0.67,GIA,808875934,,68100.0,in_stock
YRA-0123-14W-18,SO-003,Vega Solitaire Ring,Solitaires,14Kt,White,18,HI/SI,2.712,0.69,IGI,633390566,,71500.0,in_stock
YRA-0123-14W-10,SO-003,Vega Solitaire Ring,Solitaires,14Kt,White,10,JK/SI,2.41,0.67,IGI,637205162,,45300.0,sold
YRA-0123-18W-10,SO-003,Vega Solitaire Ring,Solitaires,18Kt,White,10,JK/SI,2.892,0.67,GIA,458370516,,54100.0,sold
YRA-0123-18W-12,SO-003,Vega Solitaire Ring,Solitaires,18Kt,White,12,JK/SI,2.978,0.69,IGI,439673179,,55700.0,sold
YRA-0123-18W-18,SO-003,Vega Solitaire Ring,Solitaires,18Kt,White,18,HI/SI,3.254,0.66,IGI,722655734,,79200.0,in_stock
YRA-0123-18Y-10,SO-003,Vega Solitaire Ring,Solitaires,18Kt,Yellow,10,JK/SI,2.892,0.66,GIA,395398863,,53700.0,sold
YRA-0123-18Y-12,SO-003,Vega Solitaire Ring,Solitaires,18Kt,Yellow,12,IJ/SI,2.978,0.69,IGI,260077084,,66400.0,in_stock
YRA-0123-18Y-18,SO-003,Vega Solitaire Ring,Solitaires,18Kt,Yellow,18,IJ/SI,3.254,0.65,GIA,729773611,,67000.0,in_stock
YRA-0124-14W-14,SO-004,Ira Solitaire Ring,Solitaires,14Kt,White,14,IJ/SI,5.328,1.02,IGI,169834820,,98500.0,in_stock
YRA-0124-14W-12,SO-004,Ira Solitaire Ring,Solitaires,14Kt,White,12,IJ/SI,5.173,1.0,IGI,645366414,,96100.0,sold
YRA-0124-14W-6,SO-004,Ira Solitaire Ring,Solitaires,14Kt,White,6,IJ/SI,4.734,1.03,GIA,589858294,,94100.0,in_stock
YRA-0124-14R-16,SO-004,Ira Solitaire Ring,Solitaires,14Kt,Rose,16,HI/SI,5.488,1.03,IGI,971135228,,118700.0,in_stock
YRA-0124-14R-6,SO-004,Ira Solitaire Ring,Solitaires,14Kt,Rose,6,JK/SI,4.734,0.99,IGI,477552753,,76700.0,in_stock
YRA-0124-14R-12,SO-004,Ira Solitaire Ring,Solitaires,14Kt,Rose,12,HI/SI,5.173,1.01,GIA,975024242,,114600.0,in_stock
YRA-0124-18R-14,SO-004,Ira Solitaire Ring,Solitaires,18Kt,Rose,14,HI/SI,6.394,1.02,IGI,598814508,,136100.0,in_stock
YRA-0124-18R-12,SO-004,Ira Solitaire Ring,Solitaires,18Kt,Rose,12,HI/SI,6.208,1.03,GIA,468535934,,134900.0,sold
YRA-0124-18R-16,SO-004,Ira Solitaire Ring,Solitaires,18Kt,Rose,16,HI/SI,6.586,1.01,IGI,792649519,,137300.0,in_stock
YRA-0124-18W-16,SO-004,Ira Solitaire Ring,Solitaires,18Kt,White,16,HI/SI,6.586,1.0,GIA,943811464,,136500.0,in_stock
YRA-0124-18W-6,SO-004,Ira Solitaire Ring,Solitaires,18Kt,White,6,HI/SI,5.681,1.0,IGI,272951486,,127500.0,sold
YRA-0124-18W-14,SO-004,Ira Solitaire Ring,Solitaires,18Kt,White,14,HI/SI,6.394,1.01,GIA,672259465,,135300.0,in_stock
YRA-0125-14W-16,SO-005,Zoya Solitaire Ring,Solitaires,14Kt,White,16,JK/SI,6.742,0.72,GIA,535019741,,83100.0,sold
YRA-0125-14W-8,SO-005,Zoya Solitaire Ring,Solitaires,14Kt,White,8,IJ/SI,5.99,0.73,GIA,629527466,,88500.0,sold
YRA-0125-14W-14,SO-005,Zoya Solitaire Ring,Solitaires,14Kt,White,14,HI/SI,6.546,0.71,GIA,918061563,,104700.0,sold
YRA-0125-14Y-16,SO-005,Zoya Solitaire Ring,Solitaires,14Kt,Yellow,16,IJ/SI,6.742,0.73,GIA,220513359,,94800.0,sold
YRA-0125-14Y-8,SO-005,Zoya Solitaire Ring,Solitaires,14Kt,Yellow,8,JK/SI,5.99,0.7,GIA,454611880,,76100.0,in_stock
YRA-0125-14Y-12,SO-005,Zoya Solitaire Ring,Solitaires,14Kt,Yellow,12,IJ/SI,6.355,0.71,IGI,441276794,,90500.0,in_stock
YRA-0125-18Y-12,SO-005,Zoya Solitaire Ring,Solitaires,18Kt,Yellow,12,JK/SI,7.626,0.72,GIA,616161445,,103100.0,sold
YRA-0125-18Y-16,SO-005,Zoya Solitaire Ring,Solitaires,18Kt,Yellow,16,JK/SI,8.09,0.72,IGI,486918050,,107700.0,in_stock
YRA-0125-18Y-14,SO-005,Zoya Solitaire Ring,Solitaires,18Kt,Yellow,14,IJ/SI,7.855,0.7,IGI,861598676,,115400.0,sold
YRA-0125-18R-18,SO-005,Zoya Solitaire Ring,Solitaires,18Kt,Rose,18,HI/SI,8.333,0.7,IGI,652887824,,132600.0,in_stock
YRA-0125-18R-12,SO-005,Zoya Solitaire Ring,Solitaires,18Kt,Rose,12,HI/SI,7.626,0.69,IGI,834692701,,124900.0,in_stock
YRA-0125-18R-14,SO-005,Zoya Solitaire Ring,Solitaires,18Kt,Rose,14,HI/SI,7.855,0.69,IGI,386223507,,127100.0,in_stock
YRA-0126-14Y-10,SO-006,Meera Solitaire Ring,Solitaires,14Kt,Yellow,10,JK/SI,3.805,0.9,GIA,824584619,,65600.0,sold
YRA-0126-14Y-8,SO-006,Meera Solitaire Ring,Solitaires,14Kt,Yellow,8,JK/SI,3.694,0.91,IGI,172242848,,65100.0,in_stock
YRA-0126-14Y-14,SO-006,Meera Solitaire Ring,Solitaires,14Kt,Yellow,14,IJ/SI,4.037,0.92,IGI,990771636,,82500.0,in_stock
YRA-0126-14W-14,SO-006,Meera Solitaire Ring,Solitaires,14Kt,White,14,JK/SI,4.037,0.91,IGI,129260096,,67900.0,sold
YRA-0126-14W-8,SO-006,Meera Solitaire Ring,Solitaires,14Kt,White,8,JK/SI,3.694,0.93,GIA,273006605,,65800.0,in_stock
YRA-0126-14W-10,SO-006,Meera Solitaire Ring,Solitaires,14Kt,White,10,HI/SI,3.805,0.9,GIA,497355909,,95500.0,in_stock
YRA-0126-18Y-6,SO-006,Meera Solitaire Ring,Solitaires,18Kt,Yellow,6,HI/SI,4.303,0.89,IGI,432091965,,106000.0,in_stock
YRA-0126-18Y-10,SO-006,Meera Solitaire Ring,Solitaires,18Kt,Yellow,10,JK/SI,4.566,0.91,GIA,543131329,,79900.0,in_stock
YRA-0126-18Y-14,SO-006,Meera Solitaire Ring,Solitaires,18Kt,Yellow,14,JK/SI,4.844,0.92,IGI,353594120,,83000.0,in_stock
YRA-0126-18W-6,SO-006,Meera Solitaire Ring,Solitaires,18Kt,White,6,IJ/SI,4.303,0.93,IGI,930646491,,92300.0,in_stock
YRA-0126-18W-10,SO-006,Meera Solitaire Ring,Solitaires,18Kt,White,10,IJ/SI,4.566,0.91,GIA,460261632,,93900.0,in_stock
YRA-0126-18W-14,SO-006,Meera Solitaire Ring,Solitaires,18Kt,White,14,JK/SI,4.844,0.89,IGI,586003287,,81900.0,sold
YRA-0127-14W-12,SO-007,Tara Solitaire Ring,Solitaires,14Kt,White,12,IJ/SI,3.075,1.2,GIA,213992248,,89400.0,in_stock
YRA-0127-14W-10,SO-007,Tara Solitaire Ring,Solitaires,14Kt,White,10,HI/SI,2.985,1.21,IGI,634468469,,110700.0,in_stock
YRA-0127-14W-8,SO-007,Tara Solitaire Ring,Solitaires,14Kt,White,8,JK/SI,2.898,1.22,IGI,979117722,,70200.0,in_stock
YRA-0127-14R-8,SO-007,Tara Solitaire Ring,Solitaires,14Kt,Rose,8,HI/SI,2.898,1.2,IGI,648294660,,109300.0,in_stock
YRA-0127-14R-12,SO-007,Tara Solitaire Ring,Solitaires,14Kt,Rose,12,HI/SI,3.075,1.2,GIA,378055552,,110700.0,in_stock
YRA-0127-14R-6,SO-007,Tara Solitaire Ring,Solitaires,14Kt,Rose,6,IJ/SI,2.814,1.19,IGI,853367737,,86700.0,in_stock
YRA-0127-18R-12,SO-007,Tara Solitaire Ring,Solitaires,18Kt,Rose,12,IJ/SI,3.69,1.21,GIA,459669809,,101200.0,in_stock
YRA-0127-18R-6,SO-007,Tara Solitaire Ring,Solitaires,18Kt,Rose,6,IJ/SI,3.377,1.22,IGI,140696554,,98600.0,in_stock
YRA-0127-18R-8,SO-007,Tara Solitaire Ring,Solitaires,18Kt,Rose,8,IJ/SI,3.478,1.22,IGI,267215240,,99600.0,in_stock
YRA-0127-18Y-8,SO-007,Tara Solitaire Ring,Solitaires,18Kt,Yellow,8,JK/SI,3.478,1.23,IGI,510636459,,81200.0,in_stock
YRA-0127-18Y-10,SO-007,Tara Solitaire Ring,Solitaires,18Kt,Yellow,10,HI/SI,3.582,1.21,IGI,819218703,,121600.0,sold
YRA-0127-18Y-6,SO-007,Tara Solitaire Ring,Solitaires,18Kt,Yellow,6,IJ/SI,3.377,1.21,GIA,168142324,,98000.0,sold
YRA-0128-14Y-14,SO-008,Kiara Solitaire Ring,Solitaires,14Kt,Yellow,14,JK/SI,5.835,0.62,GIA,473634908,,71800.0,in_stock
YRA-0128-14Y-10,SO-008,Kiara Solitaire Ring,Solitaires,14Kt,Yellow,10,IJ/SI,5.5,0.63,GIA,273731830,,79100.0,sold
YRA-0128-14Y-6,SO-008,Kiara Solitaire Ring,Solitaires,14Kt,Yellow,6,HI/SI,5.184,0.62,IGI,198210012,,87000.0,in_stock
YRA-0128-14R-6,SO-008,Kiara Solitaire Ring,Solitaires,14Kt,Rose,6,JK/SI,5.184,0.64,GIA,869704758,,67200.0,in_stock
YRA-0128-14R-14,SO-008,Kiara Solitaire Ring,Solitaires,14Kt,Rose,14,HI/SI,5.835,0.63,IGI,103889691,,93100.0,in_stock
YRA-0128-14R-16,SO-008,Kiara Solitaire Ring,Solitaires,14Kt,Rose,16,HI/SI,6.01,0.63,GIA,733682269,,94600.0,in_stock
YRA-0128-18W-18,SO-008,Kiara Solitaire Ring,Solitaires,18Kt,White,18,IJ/SI,7.428,0.62,GIA,235691012,,106900.0,in_stock
YRA-0128-18W-14,SO-008,Kiara Solitaire Ring,Solitaires,18Kt,White,14,JK/SI,7.002,0.62,IGI,765213119,,93100.0,in_stock
YRA-0128-18W-6,SO-008,Kiara Solitaire Ring,Solitaires,18Kt,White,6,JK/SI,6.221,0.62,IGI,549662528,,85300.0,in_stock
YRA-0128-18R-18,SO-008,Kiara Solitaire Ring,Solitaires,18Kt,Rose,18,IJ/SI,7.428,0.62,IGI,926834412,,106900.0,in_stock
YRA-0128-18R-14,SO-008,Kiara Solitaire Ring,Solitaires,18Kt,Rose,14,IJ/SI,7.002,0.62,GIA,367321505,,102700.0,in_stock
YRA-0128-18R-10,SO-008,Kiara Solitaire Ring,Solitaires,18Kt,Rose,10,JK/SI,6.6,0.63,GIA,684160115,,89500.0,in_stock
YRA-0129-14R-12,SO-009,Nyla Solitaire Ring,Solitaires,14Kt,Rose,12,JK/SI,3.809,1.18,IGI,392908770,,76300.0,in_stock
YRA-0129-14R-6,SO-009,Nyla Solitaire Ring,Solitaires,14Kt,Rose,6,IJ/SI,3.486,1.16,IGI,569723750,,90700.0,sold
YRA-0129-14R-10,SO-009,Nyla Solitaire Ring,Solitaires,14Kt,Rose,10,JK/SI,3.698,1.17,GIA,963729501,,75000.0,sold
YRA-0129-14Y-10,SO-009,Nyla Solitaire Ring,Solitaires,14Kt,Yellow,10,JK/SI,3.698,1.15,IGI,623623724,,74200.0,in_stock
YRA-0129-14Y-12,SO-009,Nyla Solitaire Ring,Solitaires,14Kt,Yellow,12,IJ/SI,3.809,1.16,IGI,864568063,,93400.0,in_stock
YRA-0129-14Y-6,SO-009,Nyla Solitaire Ring,Solitaires,14Kt,Yellow,6,IJ/SI,3.486,1.16,GIA,409852647,,90700.0,in_stock
YRA-0129-18R-12,SO-009,Nyla Solitaire Ring,Solitaires,18Kt,Rose,12,HI/SI,4.571,1.16,IGI,455942483,,127900.0,in_stock
YRA-0129-18R-10,SO-009,Nyla Solitaire Ring,Solitaires,18Kt,Rose,10,HI/SI,4.438,1.16,GIA,555302663,,126500.0,in_stock
YRA-0129-18R-14,SO-009,Nyla Solitaire Ring,Solitaires,18Kt,Rose,14,IJ/SI,4.708,1.18,IGI,219578607,,109700.0,sold
YRA-0129-18Y-6,SO-009,Nyla Solitaire Ring,Solitaires,18Kt,Yellow,6,IJ/SI,4.183,1.19,IGI,520857867,,105000.0,in_stock
YRA-0129-18Y-10,SO-009,Nyla Solitaire Ring,Solitaires,18Kt,Yellow,10,HI/SI,4.438,1.17,GIA,222481403,,127300.0,sold
YRA-0129-18Y-12,SO-009,Nyla Solitaire Ring,Solitaires,18Kt,Yellow,12,JK/SI,4.571,1.16,IGI,770622896,,89400.0,in_stock
YRA-0130-14R-14,SO-010,Rhea Solitaire Ring,Solitaires,14Kt,Rose,14,IJ/SI,3.019,1.08,GIA,489995244,,82500.0,in_stock
YRA-0130-14R-16,SO-010,Rhea Solitaire Ring,Solitaires,14Kt,Rose,16,IJ/SI,3.109,1.08,GIA,358104726,,83300.0,in_stock
YRA-0130-14R-18,SO-010,Rhea Solitaire Ring,Solitaires,14Kt,Rose,18,IJ/SI,3.203,1.09,IGI,505022998,,84600.0,in_stock
YRA-0130-14Y-18,SO-010,Rhea Solitaire Ring,Solitaires,14Kt,Yellow,18,IJ/SI,3.203,1.1,GIA,114620346,,85100.0,in_stock
YRA-0130-14Y-6,SO-010,Rhea Solitaire Ring,Solitaires,14Kt,Yellow,6,HI/SI,2.682,1.09,IGI,935290716,,99700.0,in_stock
YRA-0130-14Y-14,SO-010,Rhea Solitaire Ring,Solitaires,14Kt,Yellow,14,IJ/SI,3.019,1.09,IGI,958613543,,83100.0,sold
YRA-0130-18R-16,SO-010,Rhea Solitaire Ring,Solitaires,18Kt,Rose,16,JK/SI,3.731,1.1,IGI,172453134,,78800.0,in_stock
YRA-0130-18R-6,SO-010,Rhea Solitaire Ring,Solitaires,18Kt,Rose,6,IJ/SI,3.218,1.07,IGI,564488610,,89000.0,in_stock
YRA-0130-18R-18,SO-010,Rhea Solitaire Ring,Solitaires,18Kt,Rose,18,JK/SI,3.844,1.09,GIA,654163501,,79500.0,in_stock
YRA-0130-18W-6,SO-010,Rhea Solitaire Ring,Solitaires,18Kt,White,6,IJ/SI,3.218,1.07,IGI,336736285,,89000.0,sold
YRA-0130-18W-16,SO-010,Rhea Solitaire Ring,Solitaires,18Kt,White,16,IJ/SI,3.731,1.08,GIA,404926539,,94600.0,sold
YRA-0130-18W-14,SO-010,Rhea Solitaire Ring,Solitaires,18Kt,White,14,JK/SI,3.623,1.09,GIA,222825185,,77300.0,in_stock
YRA-0131-14Y-18,SO-011,Sana Solitaire Ring,Solitaires,14Kt,Yellow,18,IJ/SI,7.025,0.68,GIA,535827769,,94400.0,in_stock
YRA-0131-14Y-10,SO-011,Sana Solitaire Ring,Solitaires,14Kt,Yellow,10,JK/SI,6.242,0.66,GIA,276734200,,76700.0,sold
YRA-0131-14Y-6,SO-011,Sana Solitaire Ring,Solitaires,14Kt,Yellow,6,JK/SI,5.883,0.66,IGI,130879857,,73700.0,in_stock
YRA-0131-14R-6,SO-011,Sana Solitaire Ring,Solitaires,14Kt,Rose,6,IJ/SI,5.883,0.67,IGI,681511640,,84400.0,in_stock
YRA-0131-14R-10,SO-011,Sana Solitaire Ring,Solitaires,14Kt,Rose,10,JK/SI,6.242,0.68,IGI,377793285,,77500.0,sold
YRA-0131-14R-18,SO-011,Sana Solitaire Ring,Solitaires,14Kt,Rose,18,JK/SI,7.025,0.67,IGI,807228097,,83600.0,in_stock
YRA-0131-18R-10,SO-011,Sana Solitaire Ring,Solitaires,18Kt,Rose,10,HI/SI,7.49,0.68,IGI,393915921,,122800.0,in_stock
YRA-0131-18R-18,SO-011,Sana Solitaire Ring,Solitaires,18Kt,Rose,18,JK/SI,8.43,0.68,IGI,821414988,,109600.0,in_stock
YRA-0131-18R-6,SO-011,Sana Solitaire Ring,Solitaires,18Kt,Rose,6,JK/SI,7.06,0.68,IGI,908659601,,96000.0,sold
YRA-0131-18W-6,SO-011,Sana Solitaire Ring,Solitaires,18Kt,White,6,JK/SI,7.06,0.68,IGI,186745832,,96000.0,in_stock
YRA-0131-18W-10,SO-011,Sana Solitaire Ring,Solitaires,18Kt,White,10,JK/SI,7.49,0.65,IGI,387305413,,99100.0,sold
YRA-0131-18W-18,SO-011,Sana Solitaire Ring,Solitaires,18Kt,White,18,JK/SI,8.43,0.65,IGI,116916490,,108500.0,in_stock
YRA-0132-14W-16,SO-012,Diya Solitaire Ring,Solitaires,14Kt,White,16,HI/SI,3.219,0.94,IGI,770176299,,93400.0,in_stock
YRA-0132-14W-20,SO-012,Diya Solitaire Ring,Solitaires,14Kt,White,20,JK/SI,3.415,0.94,GIA,821105079,,63900.0,in_stock
YRA-0132-14W-10,SO-012,Diya Solitaire Ring,Solitaires,14Kt,White,10,HI/SI,2.946,0.98,IGI,572648881,,94000.0,in_stock
YRA-0132-14Y-20,SO-012,Diya Solitaire Ring,Solitaires,14Kt,Yellow,20,HI/SI,3.415,0.97,GIA,198233578,,97200.0,sold
YRA-0132-14Y-16,SO-012,Diya Solitaire Ring,Solitaires,14Kt,Yellow,16,IJ/SI,3.219,0.97,IGI,510013622,,78300.0,in_stock
YRA-0132-14Y-10,SO-012,Diya Solitaire Ring,Solitaires,14Kt,Yellow,10,IJ/SI,2.946,0.96,IGI,336711727,,75500.0,in_stock
YRA-0132-18W-16,SO-012,Diya Solitaire Ring,Solitaires,18Kt,White,16,HI/SI,3.863,0.94,IGI,572229206,,105200.0,sold
YRA-0132-18W-20,SO-012,Diya Solitaire Ring,Solitaires,18Kt,White,20,JK/SI,4.098,0.95,GIA,638235616,,76700.0,in_stock
YRA-0132-18W-10,SO-012,Diya Solitaire Ring,Solitaires,18Kt,White,10,JK/SI,3.535,0.96,GIA,530791050,,71500.0,in_stock
YRA-0132-18Y-20,SO-012,Diya Solitaire Ring,Solitaires,18Kt,Yellow,20,HI/SI,4.098,0.95,GIA,298172698,,108200.0,in_stock
YRA-0132-18Y-10,SO-012,Diya Solitaire Ring,Solitaires,18Kt,Yellow,10,HI/SI,3.535,0.96,IGI,479346851,,103300.0,in_stock
YRA-0132-18Y-16,SO-012,Diya Solitaire Ring,Solitaires,18Kt,Yellow,16,IJ/SI,3.863,0.98,GIA,474305107,,90600.0,in_stock
YRA-0133-14W-14,SO-013,Aria Solitaire Ring,Solitaires,14Kt,White,14,JK/SI,4.296,1.17,GIA,975292084,,79900.0,in_stock
YRA-0133-14W-16,SO-013,Aria Solitaire Ring,Solitaires,14Kt,White,16,JK/SI,4.425,1.17,GIA,303039352,,81000.0,sold
YRA-0133-14W-10,SO-013,Aria Solitaire Ring,Solitaires,14Kt,White,10,HI/SI,4.05,1.15,IGI,441189046,,115300.0,in_stock
YRA-0133-14Y-16,SO-013,Aria Solitaire Ring,Solitaires,14Kt,Yellow,16,HI/SI,4.425,1.15,IGI,273142690,,118400.0,in_stock
YRA-0133-14Y-14,SO-013,Aria Solitaire Ring,Solitaires,14Kt,Yellow,14,IJ/SI,4.296,1.16,GIA,998525679,,97400.0,in_stock
YRA-0133-14Y-18,SO-013,Aria Solitaire Ring,Solitaires,14Kt,Yellow,18,HI/SI,4.558,1.18,GIA,141133678,,121600.0,sold
YRA-0133-18W-16,SO-013,Aria Solitaire Ring,Solitaires,18Kt,White,16,JK/SI,5.31,1.17,IGI,715078127,,97100.0,in_stock
YRA-0133-18W-10,SO-013,Aria Solitaire Ring,Solitaires,18Kt,White,10,HI/SI,4.86,1.15,GIA,966414580,,130000.0,in_stock
YRA-0133-18W-14,SO-013,Aria Solitaire Ring,Solitaires,18Kt,White,14,JK/SI,5.155,1.17,GIA,264697678,,95600.0,in_stock
YRA-0133-18Y-10,SO-013,Aria Solitaire Ring,Solitaires,18Kt,Yellow,10,HI/SI,4.86,1.15,IGI,374507874,,130000.0,in_stock
YRA-0133-18Y-16,SO-013,Aria Solitaire Ring,Solitaires,18Kt,Yellow,16,IJ/SI,5.31,1.14,IGI,368830719,,113500.0,in_stock
YRA-0133-18Y-18,SO-013,Aria Solitaire Ring,Solitaires,18Kt,Yellow,18,HI/SI,5.47,1.18,GIA,360542141,,138200.0,sold
YRA-0134-14R-6,SO-014,Luna Solitaire Ring,Solitaires,14Kt,Rose,6,JK/SI,4.806,0.79,GIA,340275577,,69700.0,in_stock
YRA-0134-14R-8,SO-014,Luna Solitaire Ring,Solitaires,14Kt,Rose,8,JK/SI,4.951,0.76,GIA,826689407,,69800.0,in_stock
YRA-0134-14R-18,SO-014,Luna Solitaire Ring,Solitaires,14Kt,Rose,18,IJ/SI,5.739,0.79,GIA,291303156,,89600.0,sold
YRA-0134-14Y-8,SO-014,Luna Solitaire Ring,Solitaires,14Kt,Yellow,8,HI/SI,4.951,0.76,GIA,717211047,,95000.0,sold
YRA-0134-14Y-18,SO-014,Luna Solitaire Ring,Solitaires,14Kt,Yellow,18,JK/SI,5.739,0.8,IGI,185740454,,77900.0,in_stock
YRA-0134-14Y-6,SO-014,Luna Solitaire Ring,Solitaires,14Kt,Yellow,6,IJ/SI,4.806,0.8,IGI,114263759,,82400.0,in_stock
YRA-0134-18R-18,SO-014,Luna Solitaire Ring,Solitaires,18Kt,Rose,18,IJ/SI,6.887,0.79,IGI,253243561,,110600.0,in_stock
YRA-0134-18R-8,SO-014,Luna Solitaire Ring,Solitaires,18Kt,Rose,8,JK/SI,5.941,0.79,GIA,123514106,,89000.0,in_stock
YRA-0134-18R-20,SO-014,Luna Solitaire Ring,Solitaires,18Kt,Rose,20,JK/SI,7.093,0.79,IGI,461552619,,100500.0,in_stock
YRA-0134-18Y-20,SO-014,Luna Solitaire Ring,Solitaires,18Kt,Yellow,20,IJ/SI,7.093,0.76,GIA,954164580,,111000.0,in_stock
YRA-0134-18Y-14,SO-014,Luna Solitaire Ring,Solitaires,18Kt,Yellow,14,HI/SI,6.492,0.79,IGI,885048211,,120700.0,in_stock
YRA-0134-18Y-18,SO-014,Luna Solitaire Ring,Solitaires,18Kt,Yellow,18,IJ/SI,6.887,0.8,IGI,936714403,,111100.0,in_stock
YRA-0135-14R-20,SO-015,Ivy Solitaire Ring,Solitaires,14Kt,Rose,20,HI/SI,4.118,0.69,GIA,615639169,,83100.0,in_stock
YRA-0135-14R-10,SO-015,Ivy Solitaire Ring,Solitaires,14Kt,Rose,10,IJ/SI,3.552,0.7,GIA,995592431,,66700.0,in_stock
YRA-0135-14R-12,SO-015,Ivy Solitaire Ring,Solitaires,14Kt,Rose,12,IJ/SI,3.659,0.67,GIA,318000361,,66000.0,in_stock
YRA-0135-14W-10,SO-015,Ivy Solitaire Ring,Solitaires,14Kt,White,10,JK/SI,3.552,0.68,IGI,556746649,,55200.0,in_stock
YRA-0135-14W-12,SO-015,Ivy Solitaire Ring,Solitaires,14Kt,White,12,HI/SI,3.659,0.68,IGI,702209427,,78600.0,in_stock
YRA-0135-14W-20,SO-015,Ivy Solitaire Ring,Solitaires,14Kt,White,20,JK/SI,4.118,0.67,GIA,812388150,,59500.0,sold
YRA-0135-18R-12,SO-015,Ivy Solitaire Ring,Solitaires,18Kt,Rose,12,HI/SI,4.391,0.71,GIA,423778072,,94100.0,in_stock
YRA-0135-18R-20,SO-015,Ivy Solitaire Ring,Solitaires,18Kt,Rose,20,IJ/SI,4.942,0.7,GIA,235982029,,86400.0,sold
YRA-0135-18R-10,SO-015,Ivy Solitaire Ring,Solitaires,18Kt,Rose,10,HI/SI,4.262,0.67,IGI,640917029,,90000.0,in_stock
YRA-0135-18W-20,SO-015,Ivy Solitaire Ring,Solitaires,18Kt,White,20,HI/SI,4.942,0.69,IGI,410975071,,98200.0,sold
YRA-0135-18W-12,SO-015,Ivy Solitaire Ring,Solitaires,18Kt,White,12,IJ/SI,4.391,0.69,IGI,435820454,,80400.0,sold
YRA-0135-18W-10,SO-015,Ivy Solitaire Ring,Solitaires,18Kt,White,10,JK/SI,4.262,0.67,IGI,683185648,,67800.0,sold
YRA-0136-14Y-14,SO-016,Maya Solitaire Ring,Solitaires,14Kt,Yellow,14,JK/SI,3.952,1.29,IGI,201063807,,81600.0,sold
YRA-0136-14Y-8,SO-016,Maya Solitaire Ring,Solitaires,14Kt,Yellow,8,HI/SI,3.617,1.29,GIA,223410613,,121600.0,in_stock
YRA-0136-14Y-10,SO-016,Maya Solitaire Ring,Solitaires,14Kt,Yellow,10,IJ/SI,3.725,1.3,GIA,501437612,,100100.0,in_stock
YRA-0136-14R-12,SO-016,Maya Solitaire Ring,Solitaires,14Kt,Rose,12,HI/SI,3.837,1.31,GIA,599428042,,124900.0,in_stock
YRA-0136-14R-8,SO-016,Maya Solitaire Ring,Solitaires,14Kt,Rose,8,JK/SI,3.617,1.3,IGI,244860571,,79200.0,sold
YRA-0136-14R-14,SO-016,Maya Solitaire Ring,Solitaires,14Kt,Rose,14,JK/SI,3.952,1.3,IGI,185390900,,82000.0,in_stock
YRA-0136-18W-8,SO-016,Maya Solitaire Ring,Solitaires,18Kt,White,8,HI/SI,4.34,1.29,GIA,596663238,,134800.0,in_stock
YRA-0136-18W-12,SO-016,Maya Solitaire Ring,Solitaires,18Kt,White,12,IJ/SI,4.604,1.3,IGI,298044680,,115100.0,in_stock
YRA-0136-18W-14,SO-016,Maya Solitaire Ring,Solitaires,18Kt,White,14,JK/SI,4.742,1.3,GIA,146305658,,96400.0,sold
YRA-0136-18Y-14,SO-016,Maya Solitaire Ring,Solitaires,18Kt,Yellow,14,IJ/SI,4.742,1.29,GIA,532018542,,115900.0,in_stock
YRA-0136-18Y-12,SO-016,Maya Solitaire Ring,Solitaires,18Kt,Yellow,12,IJ/SI,4.604,1.29,IGI,519320783,,114500.0,sold
YRA-0136-18Y-8,SO-016,Maya Solitaire Ring,Solitaires,18Kt,Yellow,8,IJ/SI,4.34,1.31,GIA,139332398,,113000.0,sold
YRA-0137-14R-10,SO-017,Nora Solitaire Ring,Solitaires,14Kt,Rose,10,JK/SI,2.993,1.1,IGI,613690628,,66500.0,in_stock
YRA-0137-14R-20,SO-017,Nora Solitaire Ring,Solitaires,14Kt,Rose,20,HI/SI,3.47,1.09,IGI,869918859,,106200.0,in_stock
YRA-0137-14R-18,SO-017,Nora Solitaire Ring,Solitaires,14Kt,Rose,18,IJ/SI,3.369,1.13,GIA,424938516,,88100.0,in_stock
YRA-0137-14Y-10,SO-017,Nora Solitaire Ring,Solitaires,14Kt,Yellow,10,HI/SI,2.993,1.13,GIA,600728320,,105100.0,in_stock
YRA-0137-14Y-14,SO-017,Nora Solitaire Ring,Solitaires,14Kt,Yellow,14,IJ/SI,3.175,1.12,IGI,200850202,,86000.0,sold
YRA-0137-14Y-20,SO-017,Nora Solitaire Ring,Solitaires,14Kt,Yellow,20,IJ/SI,3.47,1.1,IGI,126083173,,87400.0,in_stock
YRA-0137-18R-20,SO-017,Nora Solitaire Ring,Solitaires,18Kt,Rose,20,HI/SI,4.164,1.1,GIA,716219598,,119600.0,sold
YRA-0137-18R-14,SO-017,Nora Solitaire Ring,Solitaires,18Kt,Rose,14,HI/SI,3.81,1.13,IGI,775028832,,118200.0,in_stock
YRA-0137-18R-10,SO-017,Nora Solitaire Ring,Solitaires,18Kt,Rose,10,JK/SI,3.592,1.12,GIA,690328716,,78100.0,in_stock
YRA-0137-18W-14,SO-017,Nora Solitaire Ring,Solitaires,18Kt,White,14,IJ/SI,3.81,1.1,IGI,305390295,,96500.0,in_stock
YRA-0137-18W-20,SO-017,Nora Solitaire Ring,Solitaires,18Kt,White,20,JK/SI,4.164,1.13,GIA,743371675,,84200.0,in_stock
YRA-0137-18W-10,SO-017,Nora Solitaire Ring,Solitaires,18Kt,White,10,IJ/SI,3.592,1.1,GIA,150904228,,94300.0,sold
YRA-0138-14W-20,SO-018,Pia Solitaire Ring,Solitaires,14Kt,White,20,HI/SI,4.131,0.63,IGI,324960651,,79000.0,in_stock
YRA-0138-14W-18,SO-018,Pia Solitaire Ring,Solitaires,14Kt,White,18,IJ/SI,4.01,0.62,IGI,457887319,,66200.0,sold
YRA-0138-14W-16,SO-018,Pia Solitaire Ring,Solitaires,14Kt,White,16,HI/SI,3.894,0.62,IGI,973575894,,76300.0,sold
YRA-0138-14R-12,SO-018,Pia Solitaire Ring,Solitaires,14Kt,Rose,12,HI/SI,3.67,0.6,IGI,616202056,,73000.0,in_stock
YRA-0138-14R-16,SO-018,Pia Solitaire Ring,Solitaires,14Kt,Rose,16,HI/SI,3.894,0.62,GIA,349087524,,76300.0,sold
YRA-0138-14R-20,SO-018,Pia Solitaire Ring,Solitaires,14Kt,Rose,20,JK/SI,4.131,0.63,GIA,355337757,,58100.0,in_stock
YRA-0138-18W-16,SO-018,Pia Solitaire Ring,Solitaires,18Kt,White,16,JK/SI,4.673,0.63,IGI,446831986,,70300.0,in_stock
YRA-0138-18W-12,SO-018,Pia Solitaire Ring,Solitaires,18Kt,White,12,IJ/SI,4.404,0.63,IGI,337849305,,77300.0,in_stock
YRA-0138-18W-20,SO-018,Pia Solitaire Ring,Solitaires,18Kt,White,20,HI/SI,4.957,0.6,IGI,554065575,,91900.0,sold
YRA-0138-18R-16,SO-018,Pia Solitaire Ring,Solitaires,18Kt,Rose,16,HI/SI,4.673,0.64,GIA,723207101,,91900.0,in_stock
YRA-0138-18R-18,SO-018,Pia Solitaire Ring,Solitaires,18Kt,Rose,18,JK/SI,4.812,0.64,GIA,539553602,,72100.0,in_stock
YRA-0138-18R-12,SO-018,Pia Solitaire Ring,Solitaires,18Kt,Rose,12,JK/SI,4.404,0.6,GIA,211314512,,66500.0,in_stock
YRA-0139-14W-20,SO-019,Riya Solitaire Ring,Solitaires,14Kt,White,20,IJ/SI,4.299,0.89,GIA,211131300,,83000.0,in_stock
YRA-0139-14W-6,SO-019,Riya Solitaire Ring,Solitaires,14Kt,White,6,JK/SI,3.496,0.91,IGI,456284111,,63400.0,in_stock
YRA-0139-14W-12,SO-019,Riya Solitaire Ring,Solitaires,14Kt,White,12,JK/SI,3.82,0.89,GIA,707777714,,65400.0,sold
YRA-0139-14R-20,SO-019,Riya Solitaire Ring,Solitaires,14Kt,Rose,20,JK/SI,4.299,0.92,IGI,769260458,,70500.0,in_stock
YRA-0139-14R-6,SO-019,Riya Solitaire Ring,Solitaires,14Kt,Rose,6,JK/SI,3.496,0.89,IGI,856934675,,62700.0,in_stock
YRA-0139-14R-18,SO-019,Riya Solitaire Ring,Solitaires,14Kt,Rose,18,HI/SI,4.174,0.91,GIA,862039057,,99200.0,sold
YRA-0139-18Y-20,SO-019,Riya Solitaire Ring,Solitaires,18Kt,Yellow,20,IJ/SI,5.159,0.89,IGI,900621539,,98700.0,in_stock
YRA-0139-18Y-18,SO-019,Riya Solitaire Ring,Solitaires,18Kt,Yellow,18,JK/SI,5.009,0.9,GIA,759860340,,83900.0,in_stock
YRA-0139-18Y-6,SO-019,Riya Solitaire Ring,Solitaires,18Kt,Yellow,6,HI/SI,4.195,0.92,IGI,571743116,,107100.0,in_stock
YRA-0139-18W-6,SO-019,Riya Solitaire Ring,Solitaires,18Kt,White,6,HI/SI,4.195,0.91,GIA,498024819,,106400.0,in_stock
YRA-0139-18W-10,SO-019,Riya Solitaire Ring,Solitaires,18Kt,White,10,IJ/SI,4.451,0.89,IGI,231190397,,91700.0,in_stock
YRA-0139-18W-20,SO-019,Riya Solitaire Ring,Solitaires,18Kt,White,20,IJ/SI,5.159,0.91,IGI,450481807,,99800.0,in_stock
YRA-0140-14R-10,SO-020,Sia Solitaire Ring,Solitaires,14Kt,Rose,10,HI/SI,2.622,0.59,GIA,780466790,,63600.0,in_stock
YRA-0140-14R-14,SO-020,Sia Solitaire Ring,Solitaires,14Kt,Rose,14,IJ/SI,2.782,0.62,IGI,298793408,,56100.0,in_stock
YRA-0140-14R-12,SO-020,Sia Solitaire Ring,Solitaires,14Kt,Rose,12,JK/SI,2.701,0.62,IGI,826362198,,45800.0,in_stock
YRA-0140-14Y-6,SO-020,Sia Solitaire Ring,Solitaires,14Kt,Yellow,6,HI/SI,2.472,0.61,GIA,263221386,,63800.0,in_stock
YRA-0140-14Y-14,SO-020,Sia Solitaire Ring,Solitaires,14Kt,Yellow,14,JK/SI,2.782,0.62,IGI,316567187,,46500.0,sold
YRA-0140-14Y-8,SO-020,Sia Solitaire Ring,Solitaires,14Kt,Yellow,8,IJ/SI,2.546,0.62,GIA,205405728,,54100.0,in_stock
YRA-0140-18W-14,SO-020,Sia Solitaire Ring,Solitaires,18Kt,White,14,IJ/SI,3.338,0.59,GIA,293123382,,64600.0,in_stock
YRA-0140-18W-12,SO-020,Sia Solitaire Ring,Solitaires,18Kt,White,12,HI/SI,3.241,0.59,IGI,817013342,,74100.0,in_stock
YRA-0140-18W-8,SO-020,Sia Solitaire Ring,Solitaires,18Kt,White,8,IJ/SI,3.055,0.6,IGI,539368289,,62300.0,in_stock
YRA-0140-18R-10,SO-020,Sia Solitaire Ring,Solitaires,18Kt,Rose,10,HI/SI,3.146,0.6,GIA,866904992,,73900.0,in_stock
YRA-0140-18R-14,SO-020,Sia Solitaire Ring,Solitaires,18Kt,Rose,14,IJ/SI,3.338,0.61,IGI,513460051,,65700.0,in_stock
YRA-0140-18R-12,SO-020,Sia Solitaire Ring,Solitaires,18Kt,Rose,12,IJ/SI,3.241,0.61,IGI,329941892,,64700.0,in_stock
YRA-0141-14R-18,SO-021,Avni Solitaire Ring,Solitaires,14Kt,Rose,18,JK/SI,4.371,1.01,IGI,648846810,,74500.0,in_stock
YRA-0141-14R-12,SO-021,Avni Solitaire Ring,Solitaires,14Kt,Rose,12,IJ/SI,4.0,1.05,GIA,997463099,,89100.0,sold
YRA-0141-14R-6,SO-021,Avni Solitaire Ring,Solitaires,14Kt,Rose,6,IJ/SI,3.661,1.05,IGI,698175639,,86300.0,in_stock
YRA-0141-14W-8,SO-021,Avni Solitaire Ring,Solitaires,14Kt,White,8,IJ/SI,3.77,1.02,IGI,408988217,,85600.0,in_stock
YRA-0141-14W-18,SO-021,Avni Solitaire Ring,Solitaires,14Kt,White,18,IJ/SI,4.371,1.04,GIA,757206664,,91600.0,sold
YRA-0141-14W-12,SO-021,Avni Solitaire Ring,Solitaires,14Kt,White,12,IJ/SI,4.0,1.02,IGI,543826504,,87500.0,in_stock
YRA-0141-18Y-16,SO-021,Avni Solitaire Ring,Solitaires,18Kt,Yellow,16,HI/SI,5.093,1.05,GIA,908001352,,125200.0,in_stock
YRA-0141-18Y-18,SO-021,Avni Solitaire Ring,Solitaires,18Kt,Yellow,18,JK/SI,5.245,1.05,IGI,849397928,,91900.0,sold
YRA-0141-18Y-6,SO-021,Avni Solitaire Ring,Solitaires,18Kt,Yellow,6,HI/SI,4.393,1.04,IGI,433040824,,117600.0,in_stock
YRA-0141-18R-18,SO-021,Avni Solitaire Ring,Solitaires,18Kt,Rose,18,JK/SI,5.245,1.04,GIA,779912238,,91600.0,in_stock
YRA-0141-18R-12,SO-021,Avni Solitaire Ring,Solitaires,18Kt,Rose,12,HI/SI,4.8,1.03,IGI,431256323,,120900.0,in_stock
YRA-0141-18R-16,SO-021,Avni Solitaire Ring,Solitaires,18Kt,Rose,16,IJ/SI,5.093,1.03,GIA,809910639,,105500.0,in_stock
YRA-0142-14Y-10,SO-022,Bela Solitaire Ring,Solitaires,14Kt,Yellow,10,HI/SI,3.768,1.08,GIA,420004051,,107900.0,sold
YRA-0142-14Y-12,SO-022,Bela Solitaire Ring,Solitaires,14Kt,Yellow,12,HI/SI,3.881,1.09,GIA,937832559,,109600.0,in_stock
YRA-0142-14Y-18,SO-022,Bela Solitaire Ring,Solitaires,14Kt,Yellow,18,IJ/SI,4.241,1.09,IGI,145693651,,93200.0,in_stock
YRA-0142-14R-10,SO-022,Bela Solitaire Ring,Solitaires,14Kt,Rose,10,IJ/SI,3.768,1.08,IGI,666513649,,88800.0,sold
YRA-0142-14R-12,SO-022,Bela Solitaire Ring,Solitaires,14Kt,Rose,12,HI/SI,3.881,1.06,IGI,694129054,,107500.0,in_stock
YRA-0142-14R-18,SO-022,Bela Solitaire Ring,Solitaires,14Kt,Rose,18,HI/SI,4.241,1.07,IGI,184631500,,111200.0,in_stock
YRA-0142-18Y-12,SO-022,Bela Solitaire Ring,Solitaires,18Kt,Yellow,12,IJ/SI,4.657,1.09,IGI,602224956,,104400.0,in_stock
YRA-0142-18Y-10,SO-022,Bela Solitaire Ring,Solitaires,18Kt,Yellow,10,IJ/SI,4.522,1.08,GIA,915028983,,102500.0,sold
YRA-0142-18Y-16,SO-022,Bela Solitaire Ring,Solitaires,18Kt,Yellow,16,JK/SI,4.94,1.07,GIA,918759183,,89700.0,in_stock
YRA-0142-18R-10,SO-022,Bela Solitaire Ring,Solitaires,18Kt,Rose,10,JK/SI,4.522,1.08,IGI,785832729,,85900.0,sold
YRA-0142-18R-16,SO-022,Bela Solitaire Ring,Solitaires,18Kt,Rose,16,IJ/SI,4.94,1.07,IGI,765132225,,106100.0,sold
YRA-0142-18R-12,SO-022,Bela Solitaire Ring,Solitaires,18Kt,Rose,12,IJ/SI,4.657,1.05,GIA,940294909,,102300.0,in_stock
YRA-0143-14Y-6,SO-023,Cia Solitaire Ring,Solitaires,14Kt,Yellow,6,IJ/SI,3.361,1.11,GIA,323587571,,87000.0,in_stock
YRA-0143-14Y-12,SO-023,Cia Solitaire Ring,Solitaires,14Kt,Yellow,12,JK/SI,3.673,1.11,IGI,625416627,,72500.0,sold
YRA-0143-14Y-20,SO-023,Cia Solitaire Ring,Solitaires,14Kt,Yellow,20,HI/SI,4.134,1.1,GIA,606615558,,112400.0,sold
YRA-0143-14W-20,SO-023,Cia Solitaire Ring,Solitaires,14Kt,White,20,HI/SI,4.134,1.11,GIA,960781229,,113100.0,in_stock
YRA-0143-14W-6,SO-023,Cia Solitaire Ring,Solitaires,14Kt,White,6,HI/SI,3.361,1.11,GIA,674599461,,106700.0,in_stock
YRA-0143-14W-12,SO-023,Cia Solitaire Ring,Solitaires,14Kt,White,12,HI/SI,3.673,1.09,GIA,527520817,,107900.0,in_stock
YRA-0143-18Y-20,SO-023,Cia Solitaire Ring,Solitaires,18Kt,Yellow,20,IJ/SI,4.961,1.09,GIA,225377765,,107400.0,in_stock
YRA-0143-18Y-18,SO-023,Cia Solitaire Ring,Solitaires,18Kt,Yellow,18,HI/SI,4.817,1.1,GIA,370291403,,126100.0,sold
YRA-0143-18Y-6,SO-023,Cia Solitaire Ring,Solitaires,18Kt,Yellow,6,JK/SI,4.033,1.1,GIA,404268882,,81800.0,sold
YRA-0143-18R-6,SO-023,Cia Solitaire Ring,Solitaires,18Kt,Rose,6,JK/SI,4.033,1.11,IGI,338644227,,82200.0,in_stock
YRA-0143-18R-20,SO-023,Cia Solitaire Ring,Solitaires,18Kt,Rose,20,HI/SI,4.961,1.09,GIA,382352524,,126800.0,sold
YRA-0143-18R-18,SO-023,Cia Solitaire Ring,Solitaires,18Kt,Rose,18,JK/SI,4.817,1.08,GIA,402715575,,88800.0,in_stock
YRA-0144-14R-20,SO-024,Dua Solitaire Ring,Solitaires,14Kt,Rose,20,JK/SI,6.808,0.84,GIA,703190586,,88200.0,in_stock
YRA-0144-14R-12,SO-024,Dua Solitaire Ring,Solitaires,14Kt,Rose,12,HI/SI,6.049,0.85,IGI,377040062,,110500.0,in_stock
YRA-0144-14R-14,SO-024,Dua Solitaire Ring,Solitaires,14Kt,Rose,14,HI/SI,6.23,0.83,IGI,136077749,,110600.0,in_stock
YRA-0144-14W-6,SO-024,Dua Solitaire Ring,Solitaires,14Kt,White,6,IJ/SI,5.536,0.84,GIA,814336684,,90600.0,in_stock
YRA-0144-14W-14,SO-024,Dua Solitaire Ring,Solitaires,14Kt,White,14,HI/SI,6.23,0.86,GIA,655873811,,112700.0,sold
YRA-0144-14W-12,SO-024,Dua Solitaire Ring,Solitaires,14Kt,White,12,JK/SI,6.049,0.84,GIA,144220212,,81900.0,in_stock
YRA-0144-18R-12,SO-024,Dua Solitaire Ring,Solitaires,18Kt,Rose,12,JK/SI,7.259,0.87,IGI,655009113,,105200.0,in_stock
YRA-0144-18R-14,SO-024,Dua Solitaire Ring,Solitaires,18Kt,Rose,14,HI/SI,7.476,0.86,GIA,333501284,,135500.0,in_stock
YRA-0144-18R-20,SO-024,Dua Solitaire Ring,Solitaires,18Kt,Rose,20,HI/SI,8.17,0.84,GIA,462858594,,140900.0,sold
YRA-0144-18Y-6,SO-024,Dua Solitaire Ring,Solitaires,18Kt,Yellow,6,IJ/SI,6.643,0.87,IGI,313693272,,112400.0,in_stock
YRA-0144-18Y-12,SO-024,Dua Solitaire Ring,Solitaires,18Kt,Yellow,12,HI/SI,7.259,0.87,GIA,931305772,,134000.0,sold
YRA-0144-18Y-14,SO-024,Dua Solitaire Ring,Solitaires,18Kt,Yellow,14,HI/SI,7.476,0.84,GIA,260660641,,134000.0,in_stock
YRA-0145-14R-16,SO-025,Ela Solitaire Ring,Solitaires,14Kt,Rose,16,HI/SI,5.863,0.83,GIA,290697288,,107600.0,in_stock
YRA-0145-14R-14,SO-025,Ela Solitaire Ring,Solitaires,14Kt,Rose,14,JK/SI,5.692,0.83,GIA,302093343,,78600.0,sold
YRA-0145-14R-12,SO-025,Ela Solitaire Ring,Solitaires,14Kt,Rose,12,JK/SI,5.526,0.84,IGI,667498399,,77600.0,in_stock
YRA-0145-14W-6,SO-025,Ela Solitaire Ring,Solitaires,14Kt,White,6,IJ/SI,5.057,0.82,GIA,738891257,,85600.0,in_stock
YRA-0145-14W-10,SO-025,Ela Solitaire Ring,Solitaires,14Kt,White,10,HI/SI,5.365,0.81,GIA,707304541,,102000.0,in_stock
YRA-0145-14W-14,SO-025,Ela Solitaire Ring,Solitaires,14Kt,White,14,HI/SI,5.692,0.8,GIA,322501105,,104000.0,in_stock
YRA-0145-18Y-10,SO-025,Ela Solitaire Ring,Solitaires,18Kt,Yellow,10,JK/SI,6.438,0.83,GIA,240844436,,95500.0,in_stock
YRA-0145-18Y-6,SO-025,Ela Solitaire Ring,Solitaires,18Kt,Yellow,6,HI/SI,6.068,0.81,GIA,550047169,,117900.0,in_stock
YRA-0145-18Y-16,SO-025,Ela Solitaire Ring,Solitaires,18Kt,Yellow,16,HI/SI,7.036,0.82,GIA,727592887,,128200.0,sold
YRA-0145-18W-6,SO-025,Ela Solitaire Ring,Solitaires,18Kt,White,6,IJ/SI,6.068,0.81,IGI,255908736,,103500.0,sold
YRA-0145-18W-12,SO-025,Ela Solitaire Ring,Solitaires,18Kt,White,12,HI/SI,6.631,0.82,GIA,398510751,,124200.0,in_stock
YRA-0145-18W-16,SO-025,Ela Solitaire Ring,Solitaires,18Kt,White,16,IJ/SI,7.036,0.81,GIA,711878454,,113100.0,in_stock
YRA-0146-14Y-16,SO-026,Fia Solitaire Ring,Solitaires,14Kt,Yellow,16,IJ/SI,6.184,0.65,GIA,804717597,,85900.0,in_stock
YRA-0146-14Y-8,SO-026,Fia Solitaire Ring,Solitaires,14Kt,Yellow,8,IJ/SI,5.494,0.68,GIA,905916193,,81700.0,in_stock
YRA-0146-14Y-10,SO-026,Fia Solitaire Ring,Solitaires,14Kt,Yellow,10,JK/SI,5.659,0.66,GIA,932751006,,71900.0,in_stock
YRA-0146-14W-16,SO-026,Fia Solitaire Ring,Solitaires,14Kt,White,16,HI/SI,6.184,0.68,IGI,573402479,,99600.0,in_stock
YRA-0146-14W-8,SO-026,Fia Solitaire Ring,Solitaires,14Kt,White,8,JK/SI,5.494,0.68,GIA,795894908,,71300.0,in_stock
YRA-0146-14W-10,SO-026,Fia Solitaire Ring,Solitaires,14Kt,White,10,JK/SI,5.659,0.69,IGI,834490030,,73000.0,in_stock
YRA-0146-18W-10,SO-026,Fia Solitaire Ring,Solitaires,18Kt,White,10,IJ/SI,6.791,0.67,IGI,238492571,,103200.0,in_stock
YRA-0146-18W-16,SO-026,Fia Solitaire Ring,Solitaires,18Kt,White,16,HI/SI,7.421,0.68,GIA,357868053,,122100.0,in_stock
YRA-0146-18W-8,SO-026,Fia Solitaire Ring,Solitaires,18Kt,White,8,IJ/SI,6.593,0.66,IGI,558320495,,100700.0,in_stock
YRA-0146-18R-8,SO-026,Fia Solitaire Ring,Solitaires,18Kt,Rose,8,JK/SI,6.593,0.65,IGI,524357584,,90200.0,in_stock
YRA-0146-18R-16,SO-026,Fia Solitaire Ring,Solitaires,18Kt,Rose,16,HI/SI,7.421,0.66,GIA,139625747,,120700.0,in_stock
YRA-0146-18R-10,SO-026,Fia Solitaire Ring,Solitaires,18Kt,Rose,10,HI/SI,6.791,0.65,GIA,599531008,,113700.0,in_stock
YRA-0147-14Y-20,SO-027,Gia Solitaire Ring,Solitaires,14Kt,Yellow,20,JK/SI,6.859,0.84,GIA,255814057,,88700.0,sold
YRA-0147-14Y-18,SO-027,Gia Solitaire Ring,Solitaires,14Kt,Yellow,18,HI/SI,6.659,0.83,IGI,877986676,,114200.0,sold
YRA-0147-14Y-6,SO-027,Gia Solitaire Ring,Solitaires,14Kt,Yellow,6,IJ/SI,5.577,0.84,IGI,207036021,,91000.0,in_stock
YRA-0147-14R-20,SO-027,Gia Solitaire Ring,Solitaires,14Kt,Rose,20,JK/SI,6.859,0.82,IGI,730865325,,87900.0,in_stock
YRA-0147-14R-6,SO-027,Gia Solitaire Ring,Solitaires,14Kt,Rose,6,JK/SI,5.577,0.82,GIA,196947389,,77300.0,in_stock
YRA-0147-14R-12,SO-027,Gia Solitaire Ring,Solitaires,14Kt,Rose,12,HI/SI,6.094,0.84,GIA,880234601,,110200.0,sold
YRA-0147-18R-20,SO-027,Gia Solitaire Ring,Solitaires,18Kt,Rose,20,HI/SI,8.231,0.85,GIA,136416089,,142300.0,in_stock
YRA-0147-18R-18,SO-027,Gia Solitaire Ring,Solitaires,18Kt,Rose,18,HI/SI,7.991,0.82,IGI,428672108,,137700.0,in_stock
YRA-0147-18R-12,SO-027,Gia Solitaire Ring,Solitaires,18Kt,Rose,12,JK/SI,7.313,0.82,GIA,373442744,,103800.0,sold
YRA-0147-18Y-18,SO-027,Gia Solitaire Ring,Solitaires,18Kt,Yellow,18,IJ/SI,7.991,0.82,GIA,328381918,,123200.0,sold
YRA-0147-18Y-6,SO-027,Gia Solitaire Ring,Solitaires,18Kt,Yellow,6,HI/SI,6.692,0.82,GIA,241406832,,124800.0,sold
YRA-0147-18Y-8,SO-027,Gia Solitaire Ring,Solitaires,18Kt,Yellow,8,HI/SI,6.893,0.84,GIA,978997225,,128200.0,sold
YRA-0148-14R-8,SO-028,Hia Solitaire Ring,Solitaires,14Kt,Rose,8,IJ/SI,3.598,0.82,IGI,247513910,,73500.0,in_stock
YRA-0148-14R-18,SO-028,Hia Solitaire Ring,Solitaires,14Kt,Rose,18,JK/SI,4.171,0.79,GIA,102552337,,64500.0,in_stock
YRA-0148-14R-10,SO-028,Hia Solitaire Ring,Solitaires,14Kt,Rose,10,HI/SI,3.706,0.81,IGI,379053242,,88200.0,in_stock
YRA-0148-14W-14,SO-028,Hia Solitaire Ring,Solitaires,14Kt,White,14,JK/SI,3.932,0.8,IGI,412652030,,62900.0,sold
YRA-0148-14W-20,SO-028,Hia Solitaire Ring,Solitaires,14Kt,White,20,JK/SI,4.296,0.81,IGI,849591320,,66300.0,in_stock
YRA-0148-14W-10,SO-028,Hia Solitaire Ring,Solitaires,14Kt,White,10,JK/SI,3.706,0.8,IGI,714882692,,61000.0,in_stock
YRA-0148-18Y-18,SO-028,Hia Solitaire Ring,Solitaires,18Kt,Yellow,18,IJ/SI,5.005,0.8,IGI,359997775,,92400.0,in_stock
YRA-0148-18Y-14,SO-028,Hia Solitaire Ring,Solitaires,18Kt,Yellow,14,IJ/SI,4.718,0.8,GIA,149369590,,89500.0,sold
YRA-0148-18Y-20,SO-028,Hia Solitaire Ring,Solitaires,18Kt,Yellow,20,HI/SI,5.155,0.79,GIA,801222377,,107400.0,sold
YRA-0148-18R-18,SO-028,Hia Solitaire Ring,Solitaires,18Kt,Rose,18,HI/SI,5.005,0.78,GIA,402901703,,105200.0,in_stock
YRA-0148-18R-20,SO-028,Hia Solitaire Ring,Solitaires,18Kt,Rose,20,HI/SI,5.155,0.8,IGI,191131390,,108100.0,in_stock
YRA-0148-18R-10,SO-028,Hia Solitaire Ring,Solitaires,18Kt,Rose,10,HI/SI,4.447,0.79,GIA,464757321,,100300.0,sold
YRA-0149-14R-14,SO-029,Isha Solitaire Ring,Solitaires,14Kt,Rose,14,HI/SI,3.208,0.85,GIA,992127914,,87000.0,in_stock
YRA-0149-14R-6,SO-029,Isha Solitaire Ring,Solitaires,14Kt,Rose,6,HI/SI,2.851,0.86,IGI,746643627,,84700.0,in_stock
YRA-0149-14R-20,SO-029,Isha Solitaire Ring,Solitaires,14Kt,Rose,20,IJ/SI,3.506,0.84,GIA,980055055,,73800.0,sold
YRA-0149-14W-8,SO-029,Isha Solitaire Ring,Solitaires,14Kt,White,8,JK/SI,2.936,0.86,GIA,442740852,,56900.0,in_stock
YRA-0149-14W-14,SO-029,Isha Solitaire Ring,Solitaires,14Kt,White,14,IJ/SI,3.208,0.85,GIA,293678790,,71900.0,in_stock
YRA-0149-14W-6,SO-029,Isha Solitaire Ring,Solitaires,14Kt,White,6,JK/SI,2.851,0.85,GIA,692824789,,55800.0,in_stock
YRA-0149-18R-16,SO-029,Isha Solitaire Ring,Solitaires,18Kt,Rose,16,JK/SI,3.966,0.87,IGI,921705529,,72400.0,sold
YRA-0149-18R-20,SO-029,Isha Solitaire Ring,Solitaires,18Kt,Rose,20,JK/SI,4.207,0.85,IGI,709250960,,74000.0,in_stock
YRA-0149-18R-6,SO-029,Isha Solitaire Ring,Solitaires,18Kt,Rose,6,IJ/SI,3.421,0.83,GIA,537539269,,78200.0,in_stock
YRA-0149-18Y-8,SO-029,Isha Solitaire Ring,Solitaires,18Kt,Yellow,8,IJ/SI,3.523,0.86,GIA,440716818,,80800.0,in_stock
YRA-0149-18Y-16,SO-029,Isha Solitaire Ring,Solitaires,18Kt,Yellow,16,IJ/SI,3.966,0.86,IGI,498958613,,85300.0,in_stock
YRA-0149-18Y-6,SO-029,Isha Solitaire Ring,Solitaires,18Kt,Yellow,6,IJ/SI,3.421,0.86,GIA,800695580,,79800.0,sold
YRA-0150-14R-16,SO-030,Jia Solitaire Ring,Solitaires,14Kt,Rose,16,JK/SI,3.744,0.83,IGI,805317913,,62500.0,sold
YRA-0150-14R-18,SO-030,Jia Solitaire Ring,Solitaires,14Kt,Rose,18,JK/SI,3.856,0.8,GIA,694832099,,62200.0,sold
YRA-0150-14R-20,SO-030,Jia Solitaire Ring,Solitaires,14Kt,Rose,20,JK/SI,3.972,0.81,IGI,243164966,,63600.0,sold
YRA-0150-14W-18,SO-030,Jia Solitaire Ring,Solitaires,14Kt,White,18,JK/SI,3.856,0.82,IGI,355740714,,63000.0,in_stock
YRA-0150-14W-16,SO-030,Jia Solitaire Ring,Solitaires,14Kt,White,16,HI/SI,3.744,0.8,IGI,505245584,,87800.0,in_stock
YRA-0150-14W-10,SO-030,Jia Solitaire Ring,Solitaires,14Kt,White,10,HI/SI,3.426,0.83,GIA,614243777,,87300.0,sold
YRA-0150-18Y-10,SO-030,Jia Solitaire Ring,Solitaires,18Kt,Yellow,10,IJ/SI,4.111,0.83,IGI,490681458,,85100.0,in_stock
YRA-0150-18Y-20,SO-030,Jia Solitaire Ring,Solitaires,18Kt,Yellow,20,JK/SI,4.766,0.81,GIA,238746379,,78100.0,in_stock
YRA-0150-18Y-14,SO-030,Jia Solitaire Ring,Solitaires,18Kt,Yellow,14,JK/SI,4.362,0.83,GIA,799136627,,74800.0,in_stock
YRA-0150-18W-14,SO-030,Jia Solitaire Ring,Solitaires,18Kt,White,14,JK/SI,4.362,0.81,GIA,500401256,,74100.0,in_stock
YRA-0150-18W-16,SO-030,Jia Solitaire Ring,Solitaires,18Kt,White,16,IJ/SI,4.493,0.8,IGI,232229323,,87300.0,in_stock
YRA-0150-18W-18,SO-030,Jia Solitaire Ring,Solitaires,18Kt,White,18,IJ/SI,4.627,0.8,GIA,349873039,,88600.0,in_stock
YRA-0151-14Y-16,CS-001,Aura Color Stone Ring,Color Stone Jewellery,14Kt,Yellow,16,IJ/SI,4.258,1.01,IGI,356169284,,89100.0,in_stock
YRA-0151-14Y-20,CS-001,Aura Color Stone Ring,Color Stone Jewellery,14Kt,Yellow,20,HI/SI,4.518,1.01,GIA,393848690,,109200.0,in_stock
YRA-0151-14Y-8,CS-001,Aura Color Stone Ring,Color Stone Jewellery,14Kt,Yellow,8,IJ/SI,3.784,1.0,GIA,823451872,,84600.0,sold
YRA-0151-14R-8,CS-001,Aura Color Stone Ring,Color Stone Jewellery,14Kt,Rose,8,JK/SI,3.784,1.02,IGI,605846862,,70000.0,in_stock
YRA-0151-14R-20,CS-001,Aura Color Stone Ring,Color Stone Jewellery,14Kt,Rose,20,IJ/SI,4.518,1.03,IGI,204726362,,92300.0,in_stock
YRA-0151-14R-18,CS-001,Aura Color Stone Ring,Color Stone Jewellery,14Kt,Rose,18,HI/SI,4.386,1.02,IGI,875631785,,108800.0,sold
YRA-0151-18R-12,CS-001,Aura Color Stone Ring,Color Stone Jewellery,18Kt,Rose,12,JK/SI,4.817,1.03,IGI,452990809,,86900.0,in_stock
YRA-0151-18R-20,CS-001,Aura Color Stone Ring,Color Stone Jewellery,18Kt,Rose,20,IJ/SI,5.422,1.01,GIA,741744300,,107700.0,sold
YRA-0151-18R-18,CS-001,Aura Color Stone Ring,Color Stone Jewellery,18Kt,Rose,18,IJ/SI,5.263,1.04,GIA,870493388,,107800.0,in_stock
YRA-0151-18Y-20,CS-001,Aura Color Stone Ring,Color Stone Jewellery,18Kt,Yellow,20,HI/SI,5.422,1.03,IGI,595771382,,127100.0,in_stock
YRA-0151-18Y-12,CS-001,Aura Color Stone Ring,Color Stone Jewellery,18Kt,Yellow,12,HI/SI,4.817,1.03,IGI,102318882,,121100.0,in_stock
YRA-0151-18Y-16,CS-001,Aura Color Stone Ring,Color Stone Jewellery,18Kt,Yellow,16,JK/SI,5.11,1.04,GIA,455706442,,90200.0,in_stock
YRA-0152-14R-16,CS-002,Celeste Color Stone Ring,Color Stone Jewellery,14Kt,Rose,16,HI/SI,2.244,0.86,GIA,202068703,,79700.0,in_stock
YRA-0152-14R-12,CS-002,Celeste Color Stone Ring,Color Stone Jewellery,14Kt,Rose,12,JK/SI,2.115,0.85,GIA,474072202,,49700.0,in_stock
YRA-0152-14R-6,CS-002,Celeste Color Stone Ring,Color Stone Jewellery,14Kt,Rose,6,JK/SI,1.936,0.88,GIA,582490472,,49400.0,sold
YRA-0152-14W-16,CS-002,Celeste Color Stone Ring,Color Stone Jewellery,14Kt,White,16,JK/SI,2.244,0.88,GIA,819161409,,51900.0,sold
YRA-0152-14W-12,CS-002,Celeste Color Stone Ring,Color Stone Jewellery,14Kt,White,12,JK/SI,2.115,0.85,IGI,191176645,,49700.0,sold
YRA-0152-14W-6,CS-002,Celeste Color Stone Ring,Color Stone Jewellery,14Kt,White,6,JK/SI,1.936,0.84,IGI,257100542,,47800.0,sold
YRA-0152-18R-16,CS-002,Celeste Color Stone Ring,Color Stone Jewellery,18Kt,Rose,16,IJ/SI,2.693,0.87,GIA,306738259,,73100.0,in_stock
YRA-0152-18R-12,CS-002,Celeste Color Stone Ring,Color Stone Jewellery,18Kt,Rose,12,JK/SI,2.538,0.84,IGI,237448345,,57000.0,in_stock
YRA-0152-18R-6,CS-002,Celeste Color Stone Ring,Color Stone Jewellery,18Kt,Rose,6,JK/SI,2.323,0.87,IGI,867258096,,56000.0,in_stock
YRA-0152-18W-16,CS-002,Celeste Color Stone Ring,Color Stone Jewellery,18Kt,White,16,IJ/SI,2.693,0.84,GIA,354634404,,71500.0,in_stock
YRA-0152-18W-12,CS-002,Celeste Color Stone Ring,Color Stone Jewellery,18Kt,White,12,IJ/SI,2.538,0.84,IGI,180576414,,70000.0,in_stock
YRA-0152-18W-6,CS-002,Celeste Color Stone Ring,Color Stone Jewellery,18Kt,White,6,HI/SI,2.323,0.85,IGI,206088755,,83500.0,in_stock
YRA-0153-14W-10,CS-003,Vega Color Stone Ring,Color Stone Jewellery,14Kt,White,10,HI/SI,6.25,0.7,IGI,901268334,,101500.0,in_stock
YRA-0153-14W-16,CS-003,Vega Color Stone Ring,Color Stone Jewellery,14Kt,White,16,HI/SI,6.829,0.69,IGI,756982763,,105600.0,in_stock
YRA-0153-14W-12,CS-003,Vega Color Stone Ring,Color Stone Jewellery,14Kt,White,12,IJ/SI,6.437,0.68,GIA,836272948,,89600.0,in_stock
YRA-0153-14Y-16,CS-003,Vega Color Stone Ring,Color Stone Jewellery,14Kt,Yellow,16,IJ/SI,6.829,0.7,IGI,744199180,,93900.0,sold
YRA-0153-14Y-8,CS-003,Vega Color Stone Ring,Color Stone Jewellery,14Kt,Yellow,8,IJ/SI,6.067,0.68,GIA,339163149,,86500.0,in_stock
YRA-0153-14Y-10,CS-003,Vega Color Stone Ring,Color Stone Jewellery,14Kt,Yellow,10,HI/SI,6.25,0.69,IGI,578611419,,100800.0,in_stock
YRA-0153-18R-16,CS-003,Vega Color Stone Ring,Color Stone Jewellery,18Kt,Rose,16,IJ/SI,8.195,0.67,IGI,176316508,,117200.0,in_stock
YRA-0153-18R-20,CS-003,Vega Color Stone Ring,Color Stone Jewellery,18Kt,Rose,20,JK/SI,8.694,0.68,GIA,777067838,,112200.0,sold
YRA-0153-18R-10,CS-003,Vega Color Stone Ring,Color Stone Jewellery,18Kt,Rose,10,IJ/SI,7.5,0.7,IGI,532926811,,111900.0,in_stock
YRA-0153-18W-10,CS-003,Vega Color Stone Ring,Color Stone Jewellery,18Kt,White,10,JK/SI,7.5,0.66,IGI,317195523,,99600.0,sold
YRA-0153-18W-16,CS-003,Vega Color Stone Ring,Color Stone Jewellery,18Kt,White,16,IJ/SI,8.195,0.67,IGI,484190495,,117200.0,in_stock
YRA-0153-18W-8,CS-003,Vega Color Stone Ring,Color Stone Jewellery,18Kt,White,8,IJ/SI,7.28,0.67,IGI,937341976,,108100.0,sold
YRA-0154-14W-12,CS-004,Ira Color Stone Ring,Color Stone Jewellery,14Kt,White,12,JK/SI,6.237,1.21,GIA,251980328,,97500.0,in_stock
YRA-0154-14W-8,CS-004,Ira Color Stone Ring,Color Stone Jewellery,14Kt,White,8,JK/SI,5.879,1.19,GIA,435787012,,93800.0,in_stock
YRA-0154-14W-16,CS-004,Ira Color Stone Ring,Color Stone Jewellery,14Kt,White,16,JK/SI,6.617,1.21,GIA,121246881,,100700.0,in_stock
YRA-0154-14R-12,CS-004,Ira Color Stone Ring,Color Stone Jewellery,14Kt,Rose,12,HI/SI,6.237,1.21,GIA,974826044,,137700.0,sold
YRA-0154-14R-8,CS-004,Ira Color Stone Ring,Color Stone Jewellery,14Kt,Rose,8,HI/SI,5.879,1.2,GIA,969099911,,134000.0,sold
YRA-0154-14R-14,CS-004,Ira Color Stone Ring,Color Stone Jewellery,14Kt,Rose,14,HI/SI,6.424,1.18,GIA,114358846,,137100.0,in_stock
YRA-0154-18W-14,CS-004,Ira Color Stone Ring,Color Stone Jewellery,18Kt,White,14,JK/SI,7.709,1.21,IGI,839137086,,122500.0,sold
YRA-0154-18W-6,CS-004,Ira Color Stone Ring,Color Stone Jewellery,18Kt,White,6,JK/SI,6.85,1.2,IGI,668500713,,113600.0,sold
YRA-0154-18W-8,CS-004,Ira Color Stone Ring,Color Stone Jewellery,18Kt,White,8,HI/SI,7.055,1.22,IGI,289200081,,156900.0,sold
YRA-0154-18Y-6,CS-004,Ira Color Stone Ring,Color Stone Jewellery,18Kt,Yellow,6,IJ/SI,6.85,1.22,IGI,471293087,,133100.0,in_stock
YRA-0154-18Y-16,CS-004,Ira Color Stone Ring,Color Stone Jewellery,18Kt,Yellow,16,IJ/SI,7.94,1.19,IGI,853651683,,142400.0,in_stock
YRA-0154-18Y-14,CS-004,Ira Color Stone Ring,Color Stone Jewellery,18Kt,Yellow,14,HI/SI,7.709,1.18,GIA,543923317,,160500.0,in_stock
YRA-0155-14R-16,CS-005,Zoya Color Stone Ring,Color Stone Jewellery,14Kt,Rose,16,JK/SI,4.272,1.06,IGI,321104791,,75500.0,in_stock
YRA-0155-14R-18,CS-005,Zoya Color Stone Ring,Color Stone Jewellery,14Kt,Rose,18,JK/SI,4.4,1.07,IGI,766589022,,77000.0,in_stock
YRA-0155-14R-20,CS-005,Zoya Color Stone Ring,Color Stone Jewellery,14Kt,Rose,20,IJ/SI,4.532,1.08,GIA,259516665,,95100.0,in_stock
YRA-0155-14Y-20,CS-005,Zoya Color Stone Ring,Color Stone Jewellery,14Kt,Yellow,20,JK/SI,4.532,1.08,GIA,163459538,,78500.0,sold
YRA-0155-14Y-16,CS-005,Zoya Color Stone Ring,Color Stone Jewellery,14Kt,Yellow,16,HI/SI,4.272,1.07,GIA,423812571,,111400.0,sold
YRA-0155-14Y-18,CS-005,Zoya Color Stone Ring,Color Stone Jewellery,14Kt,Yellow,18,JK/SI,4.4,1.08,GIA,797461457,,77400.0,in_stock
YRA-0155-18W-18,CS-005,Zoya Color Stone Ring,Color Stone Jewellery,18Kt,White,18,JK/SI,5.28,1.09,IGI,121444533,,93800.0,in_stock
YRA-0155-18W-14,CS-005,Zoya Color Stone Ring,Color Stone Jewellery,18Kt,White,14,JK/SI,4.978,1.07,GIA,492581643,,90000.0,in_stock
YRA-0155-18W-16,CS-005,Zoya Color Stone Ring,Color Stone Jewellery,18Kt,White,16,HI/SI,5.126,1.07,GIA,836203453,,127000.0,in_stock
YRA-0155-18Y-20,CS-005,Zoya Color Stone Ring,Color Stone Jewellery,18Kt,Yellow,20,IJ/SI,5.438,1.07,GIA,257770089,,111100.0,in_stock
YRA-0155-18Y-6,CS-005,Zoya Color Stone Ring,Color Stone Jewellery,18Kt,Yellow,6,JK/SI,4.422,1.09,GIA,811471545,,85300.0,in_stock
YRA-0155-18Y-16,CS-005,Zoya Color Stone Ring,Color Stone Jewellery,18Kt,Yellow,16,IJ/SI,5.126,1.07,GIA,805369403,,108000.0,in_stock
YRA-0156-14W-10,CS-006,Meera Color Stone Ring,Color Stone Jewellery,14Kt,White,10,JK/SI,5.524,0.74,GIA,181610254,,73800.0,sold
YRA-0156-14W-18,CS-006,Meera Color Stone Ring,Color Stone Jewellery,14Kt,White,18,IJ/SI,6.218,0.73,GIA,224649226,,90400.0,in_stock
YRA-0156-14W-8,CS-006,Meera Color Stone Ring,Color Stone Jewellery,14Kt,White,8,IJ/SI,5.363,0.76,GIA,311826495,,84900.0,in_stock
YRA-0156-14R-10,CS-006,Meera Color Stone Ring,Color Stone Jewellery,14Kt,Rose,10,IJ/SI,5.524,0.74,GIA,207606989,,85200.0,in_stock
YRA-0156-14R-18,CS-006,Meera Color Stone Ring,Color Stone Jewellery,14Kt,Rose,18,HI/SI,6.218,0.75,IGI,398440653,,104800.0,in_stock
YRA-0156-14R-14,CS-006,Meera Color Stone Ring,Color Stone Jewellery,14Kt,Rose,14,HI/SI,5.861,0.76,IGI,630009896,,102600.0,in_stock
YRA-0156-18Y-14,CS-006,Meera Color Stone Ring,Color Stone Jewellery,18Kt,Yellow,14,IJ/SI,7.033,0.75,GIA,845534399,,109900.0,sold
YRA-0156-18Y-10,CS-006,Meera Color Stone Ring,Color Stone Jewellery,18Kt,Yellow,10,HI/SI,6.629,0.76,IGI,168458277,,119900.0,in_stock
YRA-0156-18Y-18,CS-006,Meera Color Stone Ring,Color Stone Jewellery,18Kt,Yellow,18,HI/SI,7.462,0.75,IGI,716939442,,127500.0,in_stock
YRA-0156-18W-10,CS-006,Meera Color Stone Ring,Color Stone Jewellery,18Kt,White,10,JK/SI,6.629,0.74,GIA,668716013,,94000.0,sold
YRA-0156-18W-8,CS-006,Meera Color Stone Ring,Color Stone Jewellery,18Kt,White,8,JK/SI,6.436,0.74,GIA,706928793,,92000.0,in_stock
YRA-0156-18W-14,CS-006,Meera Color Stone Ring,Color Stone Jewellery,18Kt,White,14,JK/SI,7.033,0.75,IGI,926311040,,98400.0,in_stock
YRA-0157-14W-8,CS-007,Tara Color Stone Ring,Color Stone Jewellery,14Kt,White,8,JK/SI,5.744,1.51,GIA,569313985,,104800.0,sold
YRA-0157-14W-20,CS-007,Tara Color Stone Ring,Color Stone Jewellery,14Kt,White,20,JK/SI,6.859,1.49,GIA,847407873,,113300.0,sold
YRA-0157-14W-18,CS-007,Tara Color Stone Ring,Color Stone Jewellery,14Kt,White,18,IJ/SI,6.659,1.5,IGI,801718609,,135100.0,in_stock
YRA-0157-14Y-18,CS-007,Tara Color Stone Ring,Color Stone Jewellery,14Kt,Yellow,18,HI/SI,6.659,1.5,IGI,284344106,,161800.0,in_stock
YRA-0157-14Y-20,CS-007,Tara Color Stone Ring,Color Stone Jewellery,14Kt,Yellow,20,IJ/SI,6.859,1.52,GIA,669204683,,137800.0,in_stock
YRA-0157-14Y-12,CS-007,Tara Color Stone Ring,Color Stone Jewellery,14Kt,Yellow,12,IJ/SI,6.094,1.5,IGI,772155818,,130400.0,in_stock
YRA-0157-18R-20,CS-007,Tara Color Stone Ring,Color Stone Jewellery,18Kt,Rose,20,IJ/SI,8.231,1.49,GIA,749521195,,161300.0,sold
YRA-0157-18R-8,CS-007,Tara Color Stone Ring,Color Stone Jewellery,18Kt,Rose,8,HI/SI,6.893,1.48,IGI,496095422,,173700.0,in_stock
YRA-0157-18R-18,CS-007,Tara Color Stone Ring,Color Stone Jewellery,18Kt,Rose,18,HI/SI,7.991,1.49,GIA,727107420,,185400.0,in_stock
YRA-0157-18W-12,CS-007,Tara Color Stone Ring,Color Stone Jewellery,18Kt,White,12,HI/SI,7.313,1.49,IGI,673759375,,178600.0,sold
YRA-0157-18W-18,CS-007,Tara Color Stone Ring,Color Stone Jewellery,18Kt,White,18,JK/SI,7.991,1.5,GIA,501316891,,136300.0,in_stock
YRA-0157-18W-8,CS-007,Tara Color Stone Ring,Color Stone Jewellery,18Kt,White,8,IJ/SI,6.893,1.5,GIA,316826222,,148500.0,in_stock
YRA-0158-14Y-8,CS-008,Kiara Color Stone Ring,Color Stone Jewellery,14Kt,Yellow,8,IJ/SI,5.676,0.63,IGI,613202124,,80600.0,in_stock
YRA-0158-14Y-12,CS-008,Kiara Color Stone Ring,Color Stone Jewellery,14Kt,Yellow,12,IJ/SI,6.022,0.63,IGI,153481491,,83500.0,sold
YRA-0158-14Y-14,CS-008,Kiara Color Stone Ring,Color Stone Jewellery,14Kt,Yellow,14,HI/SI,6.203,0.63,GIA,746560114,,96200.0,in_stock
YRA-0158-14W-10,CS-008,Kiara Color Stone Ring,Color Stone Jewellery,14Kt,White,10,IJ/SI,5.847,0.6,GIA,875904249,,80400.0,sold
YRA-0158-14W-12,CS-008,Kiara Color Stone Ring,Color Stone Jewellery,14Kt,White,12,JK/SI,6.022,0.63,GIA,214104548,,73800.0,sold
YRA-0158-14W-14,CS-008,Kiara Color Stone Ring,Color Stone Jewellery,14Kt,White,14,HI/SI,6.203,0.62,GIA,783506561,,95400.0,in_stock
YRA-0158-18Y-10,CS-008,Kiara Color Stone Ring,Color Stone Jewellery,18Kt,Yellow,10,HI/SI,7.016,0.6,GIA,431736263,,112400.0,in_stock
YRA-0158-18Y-8,CS-008,Kiara Color Stone Ring,Color Stone Jewellery,18Kt,Yellow,8,HI/SI,6.811,0.64,GIA,598039284,,113200.0,in_stock
YRA-0158-18Y-12,CS-008,Kiara Color Stone Ring,Color Stone Jewellery,18Kt,Yellow,12,IJ/SI,7.226,0.62,IGI,375546624,,104900.0,sold
YRA-0158-18W-8,CS-008,Kiara Color Stone Ring,Color Stone Jewellery,18Kt,White,8,HI/SI,6.811,0.62,GIA,279328361,,111800.0,in_stock
YRA-0158-18W-10,CS-008,Kiara Color Stone Ring,Color Stone Jewellery,18Kt,White,10,JK/SI,7.016,0.62,GIA,943639216,,93300.0,in_stock
YRA-0158-18W-14,CS-008,Kiara Color Stone Ring,Color Stone Jewellery,18Kt,White,14,IJ/SI,7.444,0.61,IGI,929310056,,106500.0,in_stock
YRA-0159-14W-10,CS-009,Nyla Color Stone Ring,Color Stone Jewellery,14Kt,White,10,HI/SI,2.356,0.92,IGI,679158423,,84900.0,in_stock
YRA-0159-14W-20,CS-009,Nyla Color Stone Ring,Color Stone Jewellery,14Kt,White,20,JK/SI,2.732,0.91,GIA,997919547,,57100.0,in_stock
YRA-0159-14W-6,CS-009,Nyla Color Stone Ring,Color Stone Jewellery,14Kt,White,6,JK/SI,2.221,0.92,IGI,229225046,,53200.0,in_stock
YRA-0159-14Y-10,CS-009,Nyla Color Stone Ring,Color Stone Jewellery,14Kt,Yellow,10,JK/SI,2.356,0.9,IGI,457074492,,53600.0,sold
YRA-0159-14Y-6,CS-009,Nyla Color Stone Ring,Color Stone Jewellery,14Kt,Yellow,6,IJ/SI,2.221,0.89,IGI,743179250,,65800.0,in_stock
YRA-0159-14Y-20,CS-009,Nyla Color Stone Ring,Color Stone Jewellery,14Kt,Yellow,20,JK/SI,2.732,0.9,IGI,105096237,,56700.0,in_stock
YRA-0159-18W-6,CS-009,Nyla Color Stone Ring,Color Stone Jewellery,18Kt,White,6,IJ/SI,2.665,0.9,IGI,219569570,,74400.0,in_stock
YRA-0159-18W-20,CS-009,Nyla Color Stone Ring,Color Stone Jewellery,18Kt,White,20,HI/SI,3.278,0.9,IGI,294773053,,96500.0,in_stock
YRA-0159-18W-10,CS-009,Nyla Color Stone Ring,Color Stone Jewellery,18Kt,White,10,JK/SI,2.827,0.91,IGI,222318664,,62600.0,in_stock
YRA-0159-18Y-6,CS-009,Nyla Color Stone Ring,Color Stone Jewellery,18Kt,Yellow,6,IJ/SI,2.665,0.92,GIA,886149249,,75500.0,sold
YRA-0159-18Y-20,CS-009,Nyla Color Stone Ring,Color Stone Jewellery,18Kt,Yellow,20,IJ/SI,3.278,0.91,GIA,134870296,,81100.0,in_stock
YRA-0159-18Y-10,CS-009,Nyla Color Stone Ring,Color Stone Jewellery,18Kt,Yellow,10,JK/SI,2.827,0.9,GIA,162121935,,62200.0,in_stock
YRA-0160-14R-14,CS-010,Rhea Color Stone Ring,Color Stone Jewellery,14Kt,Rose,14,HI/SI,4.074,1.26,GIA,222868216,,123300.0,in_stock
YRA-0160-14R-6,CS-010,Rhea Color Stone Ring,Color Stone Jewellery,14Kt,Rose,6,JK/SI,3.619,1.24,IGI,513495468,,77000.0,sold
YRA-0160-14R-10,CS-010,Rhea Color Stone Ring,Color Stone Jewellery,14Kt,Rose,10,IJ/SI,3.84,1.24,GIA,372344322,,97900.0,in_stock
YRA-0160-14W-6,CS-010,Rhea Color Stone Ring,Color Stone Jewellery,14Kt,White,6,JK/SI,3.619,1.23,IGI,128006089,,76600.0,sold
YRA-0160-14W-14,CS-010,Rhea Color Stone Ring,Color Stone Jewellery,14Kt,White,14,IJ/SI,4.074,1.25,GIA,382588441,,100400.0,in_stock
YRA-0160-14W-10,CS-010,Rhea Color Stone Ring,Color Stone Jewellery,14Kt,White,10,IJ/SI,3.84,1.23,IGI,944845883,,97400.0,in_stock
YRA-0160-18R-10,CS-010,Rhea Color Stone Ring,Color Stone Jewellery,18Kt,Rose,10,IJ/SI,4.608,1.25,GIA,620596295,,112400.0,in_stock
YRA-0160-18R-14,CS-010,Rhea Color Stone Ring,Color Stone Jewellery,18Kt,Rose,14,IJ/SI,4.889,1.26,IGI,655714166,,115800.0,in_stock
YRA-0160-18R-6,CS-010,Rhea Color Stone Ring,Color Stone Jewellery,18Kt,Rose,6,HI/SI,4.343,1.22,GIA,522122234,,129900.0,in_stock
YRA-0160-18Y-6,CS-010,Rhea Color Stone Ring,Color Stone Jewellery,18Kt,Yellow,6,JK/SI,4.343,1.24,GIA,483960983,,90200.0,sold
YRA-0160-18Y-10,CS-010,Rhea Color Stone Ring,Color Stone Jewellery,18Kt,Yellow,10,HI/SI,4.608,1.25,GIA,132903042,,134600.0,in_stock
YRA-0160-18Y-14,CS-010,Rhea Color Stone Ring,Color Stone Jewellery,18Kt,Yellow,14,HI/SI,4.889,1.24,IGI,138438583,,136700.0,in_stock
YRA-0161-14W-10,CS-011,Sana Color Stone Ring,Color Stone Jewellery,14Kt,White,10,JK/SI,4.216,0.81,GIA,212927573,,65600.0,in_stock
YRA-0161-14W-12,CS-011,Sana Color Stone Ring,Color Stone Jewellery,14Kt,White,12,IJ/SI,4.342,0.82,IGI,598024964,,79700.0,in_stock
YRA-0161-14W-8,CS-011,Sana Color Stone Ring,Color Stone Jewellery,14Kt,White,8,JK/SI,4.093,0.85,IGI,252938119,,66100.0,sold
YRA-0161-14Y-8,CS-011,Sana Color Stone Ring,Color Stone Jewellery,14Kt,Yellow,8,HI/SI,4.093,0.83,GIA,856007085,,92900.0,sold
YRA-0161-14Y-16,CS-011,Sana Color Stone Ring,Color Stone Jewellery,14Kt,Yellow,16,JK/SI,4.606,0.84,IGI,628884676,,70000.0,in_stock
YRA-0161-14Y-10,CS-011,Sana Color Stone Ring,Color Stone Jewellery,14Kt,Yellow,10,IJ/SI,4.216,0.82,IGI,594027646,,78600.0,in_stock
YRA-0161-18R-18,CS-011,Sana Color Stone Ring,Color Stone Jewellery,18Kt,Rose,18,IJ/SI,5.694,0.82,GIA,806518825,,100300.0,in_stock
YRA-0161-18R-10,CS-011,Sana Color Stone Ring,Color Stone Jewellery,18Kt,Rose,10,IJ/SI,5.059,0.84,IGI,386828765,,95100.0,sold
YRA-0161-18R-8,CS-011,Sana Color Stone Ring,Color Stone Jewellery,18Kt,Rose,8,HI/SI,4.912,0.84,IGI,201965380,,108500.0,in_stock
YRA-0161-18W-12,CS-011,Sana Color Stone Ring,Color Stone Jewellery,18Kt,White,12,IJ/SI,5.21,0.85,GIA,960116696,,97100.0,in_stock
YRA-0161-18W-8,CS-011,Sana Color Stone Ring,Color Stone Jewellery,18Kt,White,8,HI/SI,4.912,0.83,IGI,846786382,,107800.0,in_stock
YRA-0161-18W-18,CS-011,Sana Color Stone Ring,Color Stone Jewellery,18Kt,White,18,IJ/SI,5.694,0.84,IGI,710105074,,101400.0,sold
YRA-0162-14W-14,CS-012,Diya Color Stone Ring,Color Stone Jewellery,14Kt,White,14,HI/SI,5.93,0.59,IGI,749563094,,91000.0,sold
YRA-0162-14W-20,CS-012,Diya Color Stone Ring,Color Stone Jewellery,14Kt,White,20,IJ/SI,6.48,0.61,IGI,373310051,,86200.0,in_stock
YRA-0162-14W-6,CS-012,Diya Color Stone Ring,Color Stone Jewellery,14Kt,White,6,JK/SI,5.268,0.59,IGI,920024380,,66000.0,sold
YRA-0162-14R-6,CS-012,Diya Color Stone Ring,Color Stone Jewellery,14Kt,Rose,6,JK/SI,5.268,0.6,GIA,174954212,,66400.0,in_stock
YRA-0162-14R-20,CS-012,Diya Color Stone Ring,Color Stone Jewellery,14Kt,Rose,20,HI/SI,6.48,0.58,IGI,634023889,,94900.0,in_stock
YRA-0162-14R-14,CS-012,Diya Color Stone Ring,Color Stone Jewellery,14Kt,Rose,14,JK/SI,5.93,0.61,IGI,466121476,,72200.0,in_stock
YRA-0162-18W-20,CS-012,Diya Color Stone Ring,Color Stone Jewellery,18Kt,White,20,IJ/SI,7.776,0.58,IGI,680244196,,108200.0,in_stock
YRA-0162-18W-14,CS-012,Diya Color Stone Ring,Color Stone Jewellery,18Kt,White,14,HI/SI,7.116,0.62,GIA,396565228,,114800.0,sold
YRA-0162-18W-6,CS-012,Diya Color Stone Ring,Color Stone Jewellery,18Kt,White,6,JK/SI,6.322,0.61,IGI,173907030,,86000.0,in_stock
YRA-0162-18R-6,CS-012,Diya Color Stone Ring,Color Stone Jewellery,18Kt,Rose,6,IJ/SI,6.322,0.62,GIA,665762455,,95900.0,sold
YRA-0162-18R-14,CS-012,Diya Color Stone Ring,Color Stone Jewellery,18Kt,Rose,14,JK/SI,7.116,0.59,GIA,326933386,,93100.0,in_stock
YRA-0162-18R-20,CS-012,Diya Color Stone Ring,Color Stone Jewellery,18Kt,Rose,20,JK/SI,7.776,0.61,IGI,628482994,,100400.0,in_stock
YRA-0163-14R-18,CS-013,Aria Color Stone Ring,Color Stone Jewellery,14Kt,Rose,18,HI/SI,6.604,0.82,GIA,616881808,,113000.0,sold
YRA-0163-14R-20,CS-013,Aria Color Stone Ring,Color Stone Jewellery,14Kt,Rose,20,IJ/SI,6.803,0.82,GIA,677932758,,100100.0,in_stock
YRA-0163-14R-10,CS-013,Aria Color Stone Ring,Color Stone Jewellery,14Kt,Rose,10,IJ/SI,5.868,0.79,IGI,721129618,,90700.0,sold
YRA-0163-14Y-20,CS-013,Aria Color Stone Ring,Color Stone Jewellery,14Kt,Yellow,20,JK/SI,6.803,0.82,IGI,776952341,,87400.0,sold
YRA-0163-14Y-8,CS-013,Aria Color Stone Ring,Color Stone Jewellery,14Kt,Yellow,8,JK/SI,5.697,0.81,GIA,802075524,,77900.0,in_stock
YRA-0163-14Y-18,CS-013,Aria Color Stone Ring,Color Stone Jewellery,14Kt,Yellow,18,HI/SI,6.604,0.81,IGI,257098683,,112300.0,in_stock
YRA-0163-18Y-18,CS-013,Aria Color Stone Ring,Color Stone Jewellery,18Kt,Yellow,18,HI/SI,7.925,0.81,IGI,797602453,,136400.0,in_stock
YRA-0163-18Y-10,CS-013,Aria Color Stone Ring,Color Stone Jewellery,18Kt,Yellow,10,JK/SI,7.042,0.82,GIA,216544773,,101100.0,sold
YRA-0163-18Y-20,CS-013,Aria Color Stone Ring,Color Stone Jewellery,18Kt,Yellow,20,IJ/SI,8.164,0.81,GIA,532047831,,124400.0,sold
YRA-0163-18R-20,CS-013,Aria Color Stone Ring,Color Stone Jewellery,18Kt,Rose,20,JK/SI,8.164,0.82,GIA,307623940,,112300.0,in_stock
YRA-0163-18R-10,CS-013,Aria Color Stone Ring,Color Stone Jewellery,18Kt,Rose,10,JK/SI,7.042,0.79,GIA,294864687,,100000.0,sold
YRA-0163-18R-18,CS-013,Aria Color Stone Ring,Color Stone Jewellery,18Kt,Rose,18,IJ/SI,7.925,0.8,IGI,440868397,,121400.0,in_stock
YRA-0164-14Y-16,CS-014,Luna Color Stone Ring,Color Stone Jewellery,14Kt,Yellow,16,JK/SI,2.697,0.99,IGI,810799799,,59800.0,sold
YRA-0164-14Y-12,CS-014,Luna Color Stone Ring,Color Stone Jewellery,14Kt,Yellow,12,HI/SI,2.542,0.99,IGI,995954972,,91400.0,in_stock
YRA-0164-14Y-18,CS-014,Luna Color Stone Ring,Color Stone Jewellery,14Kt,Yellow,18,JK/SI,2.778,0.99,GIA,190019487,,60500.0,sold
YRA-0164-14R-12,CS-014,Luna Color Stone Ring,Color Stone Jewellery,14Kt,Rose,12,JK/SI,2.542,1.01,GIA,894392384,,59300.0,in_stock
YRA-0164-14R-18,CS-014,Luna Color Stone Ring,Color Stone Jewellery,14Kt,Rose,18,IJ/SI,2.778,0.99,IGI,786034326,,75800.0,in_stock
YRA-0164-14R-14,CS-014,Luna Color Stone Ring,Color Stone Jewellery,14Kt,Rose,14,HI/SI,2.618,1.0,GIA,433937062,,92700.0,in_stock
YRA-0164-18W-16,CS-014,Luna Color Stone Ring,Color Stone Jewellery,18Kt,White,16,JK/SI,3.236,0.98,IGI,502299323,,69300.0,sold
YRA-0164-18W-20,CS-014,Luna Color Stone Ring,Color Stone Jewellery,18Kt,White,20,HI/SI,3.433,1.01,GIA,126350104,,105900.0,sold
YRA-0164-18W-18,CS-014,Luna Color Stone Ring,Color Stone Jewellery,18Kt,White,18,IJ/SI,3.334,0.99,GIA,761206630,,85900.0,in_stock
YRA-0164-18R-14,CS-014,Luna Color Stone Ring,Color Stone Jewellery,18Kt,Rose,14,HI/SI,3.142,1.0,GIA,395029149,,102300.0,in_stock
YRA-0164-18R-12,CS-014,Luna Color Stone Ring,Color Stone Jewellery,18Kt,Rose,12,IJ/SI,3.05,0.99,GIA,988363440,,83100.0,in_stock
YRA-0164-18R-16,CS-014,Luna Color Stone Ring,Color Stone Jewellery,18Kt,Rose,16,HI/SI,3.236,0.99,IGI,994963886,,102500.0,in_stock
YRA-0165-14Y-6,CS-015,Ivy Color Stone Ring,Color Stone Jewellery,14Kt,Yellow,6,JK/SI,4.115,0.52,GIA,485037965,,53800.0,in_stock
YRA-0165-14Y-14,CS-015,Ivy Color Stone Ring,Color Stone Jewellery,14Kt,Yellow,14,IJ/SI,4.632,0.52,IGI,551319414,,66100.0,in_stock
YRA-0165-14Y-8,CS-015,Ivy Color Stone Ring,Color Stone Jewellery,14Kt,Yellow,8,IJ/SI,4.239,0.52,GIA,148159055,,62800.0,in_stock
YRA-0165-14W-14,CS-015,Ivy Color Stone Ring,Color Stone Jewellery,14Kt,White,14,HI/SI,4.632,0.52,IGI,244112292,,75300.0,in_stock
YRA-0165-14W-8,CS-015,Ivy Color Stone Ring,Color Stone Jewellery,14Kt,White,8,JK/SI,4.239,0.51,IGI,517457157,,54400.0,in_stock
YRA-0165-14W-6,CS-015,Ivy Color Stone Ring,Color Stone Jewellery,14Kt,White,6,JK/SI,4.115,0.51,IGI,701890456,,53400.0,in_stock
YRA-0165-18W-14,CS-015,Ivy Color Stone Ring,Color Stone Jewellery,18Kt,White,14,HI/SI,5.558,0.53,IGI,996709828,,92900.0,sold
YRA-0165-18W-8,CS-015,Ivy Color Stone Ring,Color Stone Jewellery,18Kt,White,8,HI/SI,5.087,0.5,GIA,951718479,,86100.0,in_stock
YRA-0165-18W-6,CS-015,Ivy Color Stone Ring,Color Stone Jewellery,18Kt,White,6,HI/SI,4.938,0.52,IGI,853398298,,86000.0,in_stock
YRA-0165-18Y-8,CS-015,Ivy Color Stone Ring,Color Stone Jewellery,18Kt,Yellow,8,JK/SI,5.087,0.53,GIA,603256433,,70700.0,in_stock
YRA-0165-18Y-6,CS-015,Ivy Color Stone Ring,Color Stone Jewellery,18Kt,Yellow,6,JK/SI,4.938,0.52,IGI,380820762,,68800.0,in_stock
YRA-0165-18Y-14,CS-015,Ivy Color Stone Ring,Color Stone Jewellery,18Kt,Yellow,14,HI/SI,5.558,0.5,IGI,463141390,,90800.0,in_stock
YRA-0166-14W-20,CS-016,Maya Color Stone Ring,Color Stone Jewellery,14Kt,White,20,JK/SI,2.33,0.94,IGI,199183948,,54900.0,in_stock
YRA-0166-14W-6,CS-016,Maya Color Stone Ring,Color Stone Jewellery,14Kt,White,6,JK/SI,1.894,0.97,GIA,947907589,,52400.0,in_stock
YRA-0166-14W-12,CS-016,Maya Color Stone Ring,Color Stone Jewellery,14Kt,White,12,JK/SI,2.07,0.96,IGI,679426669,,53500.0,in_stock
YRA-0166-14Y-6,CS-016,Maya Color Stone Ring,Color Stone Jewellery,14Kt,Yellow,6,HI/SI,1.894,0.97,GIA,773441387,,84600.0,sold
YRA-0166-14Y-8,CS-016,Maya Color Stone Ring,Color Stone Jewellery,14Kt,Yellow,8,IJ/SI,1.951,0.96,GIA,204856149,,67300.0,in_stock
YRA-0166-14Y-12,CS-016,Maya Color Stone Ring,Color Stone Jewellery,14Kt,Yellow,12,JK/SI,2.07,0.96,IGI,489283806,,53500.0,in_stock
YRA-0166-18Y-6,CS-016,Maya Color Stone Ring,Color Stone Jewellery,18Kt,Yellow,6,JK/SI,2.273,0.95,IGI,581904440,,58600.0,in_stock
YRA-0166-18Y-8,CS-016,Maya Color Stone Ring,Color Stone Jewellery,18Kt,Yellow,8,IJ/SI,2.341,0.97,GIA,114605415,,74900.0,in_stock
YRA-0166-18Y-12,CS-016,Maya Color Stone Ring,Color Stone Jewellery,18Kt,Yellow,12,IJ/SI,2.484,0.95,GIA,858270222,,75300.0,in_stock
YRA-0166-18R-8,CS-016,Maya Color Stone Ring,Color Stone Jewellery,18Kt,Rose,8,IJ/SI,2.341,0.98,GIA,278234634,,75500.0,in_stock
YRA-0166-18R-12,CS-016,Maya Color Stone Ring,Color Stone Jewellery,18Kt,Rose,12,HI/SI,2.484,0.94,GIA,264237296,,91500.0,sold
YRA-0166-18R-20,CS-016,Maya Color Stone Ring,Color Stone Jewellery,18Kt,Rose,20,HI/SI,2.796,0.94,IGI,814713035,,94600.0,in_stock
YRA-0167-14Y-16,CS-017,Nora Color Stone Ring,Color Stone Jewellery,14Kt,Yellow,16,HI/SI,4.562,0.62,IGI,167160823,,81800.0,in_stock
YRA-0167-14Y-6,CS-017,Nora Color Stone Ring,Color Stone Jewellery,14Kt,Yellow,6,IJ/SI,3.935,0.6,IGI,921266456,,64600.0,in_stock
YRA-0167-14Y-14,CS-017,Nora Color Stone Ring,Color Stone Jewellery,14Kt,Yellow,14,IJ/SI,4.429,0.6,GIA,609216919,,68700.0,in_stock
YRA-0167-14R-14,CS-017,Nora Color Stone Ring,Color Stone Jewellery,14Kt,Rose,14,HI/SI,4.429,0.62,IGI,436135694,,80700.0,in_stock
YRA-0167-14R-6,CS-017,Nora Color Stone Ring,Color Stone Jewellery,14Kt,Rose,6,JK/SI,3.935,0.63,GIA,701550316,,56500.0,in_stock
YRA-0167-14R-16,CS-017,Nora Color Stone Ring,Color Stone Jewellery,14Kt,Rose,16,HI/SI,4.562,0.64,IGI,137523531,,83300.0,in_stock
YRA-0167-18Y-6,CS-017,Nora Color Stone Ring,Color Stone Jewellery,18Kt,Yellow,6,HI/SI,4.722,0.63,GIA,436973259,,91700.0,in_stock
YRA-0167-18Y-16,CS-017,Nora Color Stone Ring,Color Stone Jewellery,18Kt,Yellow,16,IJ/SI,5.474,0.62,GIA,893011783,,87500.0,in_stock
YRA-0167-18Y-14,CS-017,Nora Color Stone Ring,Color Stone Jewellery,18Kt,Yellow,14,JK/SI,5.315,0.63,IGI,283777590,,76700.0,in_stock
YRA-0167-18W-6,CS-017,Nora Color Stone Ring,Color Stone Jewellery,18Kt,White,6,IJ/SI,4.722,0.61,IGI,336339923,,79400.0,in_stock
YRA-0167-18W-14,CS-017,Nora Color Stone Ring,Color Stone Jewellery,18Kt,White,14,HI/SI,5.315,0.61,GIA,172849464,,96200.0,sold
YRA-0167-18W-16,CS-017,Nora Color Stone Ring,Color Stone Jewellery,18Kt,White,16,IJ/SI,5.474,0.62,IGI,486654635,,87500.0,sold
YRA-0168-14Y-6,CS-018,Pia Color Stone Ring,Color Stone Jewellery,14Kt,Yellow,6,JK/SI,3.921,0.72,GIA,699508642,,59800.0,in_stock
YRA-0168-14Y-14,CS-018,Pia Color Stone Ring,Color Stone Jewellery,14Kt,Yellow,14,JK/SI,4.414,0.72,IGI,378734835,,63800.0,sold
YRA-0168-14Y-18,CS-018,Pia Color Stone Ring,Color Stone Jewellery,14Kt,Yellow,18,IJ/SI,4.682,0.75,IGI,273407312,,78700.0,in_stock
YRA-0168-14R-6,CS-018,Pia Color Stone Ring,Color Stone Jewellery,14Kt,Rose,6,IJ/SI,3.921,0.75,GIA,694859590,,72400.0,sold
YRA-0168-14R-18,CS-018,Pia Color Stone Ring,Color Stone Jewellery,14Kt,Rose,18,JK/SI,4.682,0.76,IGI,855011821,,67600.0,in_stock
YRA-0168-14R-14,CS-018,Pia Color Stone Ring,Color Stone Jewellery,14Kt,Rose,14,JK/SI,4.414,0.74,GIA,645621394,,64600.0,sold
YRA-0168-18W-14,CS-018,Pia Color Stone Ring,Color Stone Jewellery,18Kt,White,14,IJ/SI,5.297,0.76,GIA,863852652,,93200.0,in_stock
YRA-0168-18W-6,CS-018,Pia Color Stone Ring,Color Stone Jewellery,18Kt,White,6,HI/SI,4.705,0.74,IGI,963981044,,99400.0,sold
YRA-0168-18W-18,CS-018,Pia Color Stone Ring,Color Stone Jewellery,18Kt,White,18,JK/SI,5.618,0.73,IGI,599993027,,83500.0,in_stock
YRA-0168-18R-18,CS-018,Pia Color Stone Ring,Color Stone Jewellery,18Kt,Rose,18,JK/SI,5.618,0.74,IGI,380317753,,83900.0,in_stock
YRA-0168-18R-14,CS-018,Pia Color Stone Ring,Color Stone Jewellery,18Kt,Rose,14,IJ/SI,5.297,0.73,GIA,839330745,,91600.0,in_stock
YRA-0168-18R-6,CS-018,Pia Color Stone Ring,Color Stone Jewellery,18Kt,Rose,6,HI/SI,4.705,0.75,IGI,576388807,,100100.0,in_stock
YRA-0169-14R-12,CS-019,Riya Color Stone Ring,Color Stone Jewellery,14Kt,Rose,12,HI/SI,3.966,0.77,GIA,543863468,,87600.0,in_stock
YRA-0169-14R-20,CS-019,Riya Color Stone Ring,Color Stone Jewellery,14Kt,Rose,20,HI/SI,4.464,0.8,IGI,909141649,,93800.0,in_stock
YRA-0169-14R-14,CS-019,Riya Color Stone Ring,Color Stone Jewellery,14Kt,Rose,14,JK/SI,4.085,0.78,IGI,879856724,,63400.0,sold
YRA-0169-14W-14,CS-019,Riya Color Stone Ring,Color Stone Jewellery,14Kt,White,14,IJ/SI,4.085,0.78,GIA,704614131,,75400.0,in_stock
YRA-0169-14W-12,CS-019,Riya Color Stone Ring,Color Stone Jewellery,14Kt,White,12,IJ/SI,3.966,0.77,IGI,115485287,,73900.0,in_stock
YRA-0169-14W-20,CS-019,Riya Color Stone Ring,Color Stone Jewellery,14Kt,White,20,JK/SI,4.464,0.77,IGI,385781553,,66100.0,sold
YRA-0169-18Y-12,CS-019,Riya Color Stone Ring,Color Stone Jewellery,18Kt,Yellow,12,IJ/SI,4.759,0.79,GIA,414309057,,89400.0,sold
YRA-0169-18Y-20,CS-019,Riya Color Stone Ring,Color Stone Jewellery,18Kt,Yellow,20,IJ/SI,5.357,0.78,GIA,799985309,,94800.0,sold
YRA-0169-18Y-14,CS-019,Riya Color Stone Ring,Color Stone Jewellery,18Kt,Yellow,14,HI/SI,4.902,0.8,IGI,837552200,,105600.0,sold
YRA-0169-18R-12,CS-019,Riya Color Stone Ring,Color Stone Jewellery,18Kt,Rose,12,JK/SI,4.759,0.79,GIA,822574602,,77200.0,sold
YRA-0169-18R-14,CS-019,Riya Color Stone Ring,Color Stone Jewellery,18Kt,Rose,14,IJ/SI,4.902,0.77,GIA,450210477,,89800.0,in_stock
YRA-0169-18R-20,CS-019,Riya Color Stone Ring,Color Stone Jewellery,18Kt,Rose,20,JK/SI,5.357,0.79,GIA,402952500,,83200.0,in_stock
YRA-0170-14Y-6,CS-020,Sia Color Stone Ring,Color Stone Jewellery,14Kt,Yellow,6,JK/SI,5.533,1.16,GIA,197573780,,89800.0,in_stock
YRA-0170-14Y-12,CS-020,Sia Color Stone Ring,Color Stone Jewellery,14Kt,Yellow,12,JK/SI,6.046,1.16,IGI,741660891,,94000.0,sold
YRA-0170-14Y-14,CS-020,Sia Color Stone Ring,Color Stone Jewellery,14Kt,Yellow,14,JK/SI,6.227,1.16,GIA,218436698,,95500.0,sold
YRA-0170-14W-14,CS-020,Sia Color Stone Ring,Color Stone Jewellery,14Kt,White,14,IJ/SI,6.227,1.13,IGI,235910823,,111800.0,sold
YRA-0170-14W-12,CS-020,Sia Color Stone Ring,Color Stone Jewellery,14Kt,White,12,HI/SI,6.046,1.16,IGI,555358091,,132500.0,in_stock
YRA-0170-14W-8,CS-020,Sia Color Stone Ring,Color Stone Jewellery,14Kt,White,8,JK/SI,5.699,1.14,GIA,821999556,,90400.0,in_stock
YRA-0170-18R-12,CS-020,Sia Color Stone Ring,Color Stone Jewellery,18Kt,Rose,12,JK/SI,7.255,1.13,IGI,734061499,,115000.0,in_stock
YRA-0170-18R-8,CS-020,Sia Color Stone Ring,Color Stone Jewellery,18Kt,Rose,8,JK/SI,6.839,1.16,GIA,398197311,,112000.0,in_stock
YRA-0170-18R-14,CS-020,Sia Color Stone Ring,Color Stone Jewellery,18Kt,Rose,14,IJ/SI,7.472,1.16,IGI,520262493,,136100.0,in_stock
YRA-0170-18W-12,CS-020,Sia Color Stone Ring,Color Stone Jewellery,18Kt,White,12,JK/SI,7.255,1.15,GIA,107446854,,115700.0,in_stock
YRA-0170-18W-14,CS-020,Sia Color Stone Ring,Color Stone Jewellery,18Kt,White,14,JK/SI,7.472,1.16,GIA,228391734,,118300.0,in_stock
YRA-0170-18W-6,CS-020,Sia Color Stone Ring,Color Stone Jewellery,18Kt,White,6,IJ/SI,6.64,1.15,GIA,330965868,,127300.0,in_stock
YRA-0171-14R-20,CS-021,Avni Color Stone Ring,Color Stone Jewellery,14Kt,Rose,20,IJ/SI,3.742,1.2,GIA,519821389,,94900.0,sold
YRA-0171-14R-6,CS-021,Avni Color Stone Ring,Color Stone Jewellery,14Kt,Rose,6,HI/SI,3.043,1.22,GIA,250325140,,111900.0,in_stock
YRA-0171-14R-18,CS-021,Avni Color Stone Ring,Color Stone Jewellery,14Kt,Rose,18,IJ/SI,3.633,1.2,IGI,814343000,,94000.0,in_stock
YRA-0171-14Y-18,CS-021,Avni Color Stone Ring,Color Stone Jewellery,14Kt,Yellow,18,JK/SI,3.633,1.2,IGI,452251960,,75600.0,in_stock
YRA-0171-14Y-20,CS-021,Avni Color Stone Ring,Color Stone Jewellery,14Kt,Yellow,20,HI/SI,3.742,1.22,GIA,383375464,,117700.0,in_stock
YRA-0171-14Y-14,CS-021,Avni Color Stone Ring,Color Stone Jewellery,14Kt,Yellow,14,HI/SI,3.425,1.21,IGI,688844640,,114300.0,in_stock
YRA-0171-18Y-20,CS-021,Avni Color Stone Ring,Color Stone Jewellery,18Kt,Yellow,20,HI/SI,4.49,1.21,IGI,902286248,,130600.0,sold
YRA-0171-18Y-18,CS-021,Avni Color Stone Ring,Color Stone Jewellery,18Kt,Yellow,18,HI/SI,4.36,1.23,IGI,368042093,,130700.0,in_stock
YRA-0171-18Y-12,CS-021,Avni Color Stone Ring,Color Stone Jewellery,18Kt,Yellow,12,JK/SI,3.99,1.19,IGI,327879547,,84800.0,in_stock
YRA-0171-18R-18,CS-021,Avni Color Stone Ring,Color Stone Jewellery,18Kt,Rose,18,HI/SI,4.36,1.2,IGI,814419021,,128600.0,in_stock
YRA-0171-18R-14,CS-021,Avni Color Stone Ring,Color Stone Jewellery,18Kt,Rose,14,IJ/SI,4.11,1.21,IGI,947011604,,105300.0,in_stock
YRA-0171-18R-20,CS-021,Avni Color Stone Ring,Color Stone Jewellery,18Kt,Rose,20,IJ/SI,4.49,1.2,IGI,140586011,,108600.0,in_stock
YRA-0172-14W-6,CS-022,Bela Color Stone Ring,Color Stone Jewellery,14Kt,White,6,IJ/SI,4.808,1.26,GIA,845807185,,107000.0,in_stock
YRA-0172-14W-12,CS-022,Bela Color Stone Ring,Color Stone Jewellery,14Kt,White,12,JK/SI,5.254,1.26,GIA,657315638,,91300.0,in_stock
YRA-0172-14W-14,CS-022,Bela Color Stone Ring,Color Stone Jewellery,14Kt,White,14,JK/SI,5.412,1.27,GIA,925529841,,93000.0,sold
YRA-0172-14R-6,CS-022,Bela Color Stone Ring,Color Stone Jewellery,14Kt,Rose,6,IJ/SI,4.808,1.27,GIA,131561888,,107500.0,in_stock
YRA-0172-14R-12,CS-022,Bela Color Stone Ring,Color Stone Jewellery,14Kt,Rose,12,JK/SI,5.254,1.26,IGI,828764573,,91300.0,in_stock
YRA-0172-14R-14,CS-022,Bela Color Stone Ring,Color Stone Jewellery,14Kt,Rose,14,HI/SI,5.412,1.28,IGI,653802175,,135800.0,in_stock
YRA-0172-18Y-14,CS-022,Bela Color Stone Ring,Color Stone Jewellery,18Kt,Yellow,14,IJ/SI,6.494,1.28,IGI,132609483,,132800.0,in_stock
YRA-0172-18Y-6,CS-022,Bela Color Stone Ring,Color Stone Jewellery,18Kt,Yellow,6,IJ/SI,5.77,1.27,IGI,911310065,,125100.0,in_stock
YRA-0172-18Y-12,CS-022,Bela Color Stone Ring,Color Stone Jewellery,18Kt,Yellow,12,JK/SI,6.305,1.27,IGI,971078879,,110800.0,sold
YRA-0172-18R-12,CS-022,Bela Color Stone Ring,Color Stone Jewellery,18Kt,Rose,12,IJ/SI,6.305,1.29,GIA,622747366,,131400.0,sold
YRA-0172-18R-6,CS-022,Bela Color Stone Ring,Color Stone Jewellery,18Kt,Rose,6,IJ/SI,5.77,1.26,IGI,420378295,,124500.0,sold
YRA-0172-18R-14,CS-022,Bela Color Stone Ring,Color Stone Jewellery,18Kt,Rose,14,JK/SI,6.494,1.25,GIA,673566350,,111900.0,sold
YRA-0173-14R-8,CS-023,Cia Color Stone Ring,Color Stone Jewellery,14Kt,Rose,8,JK/SI,3.081,0.66,IGI,184876352,,50500.0,in_stock
YRA-0173-14R-18,CS-023,Cia Color Stone Ring,Color Stone Jewellery,14Kt,Rose,18,HI/SI,3.572,0.64,IGI,222887691,,75100.0,sold
YRA-0173-14R-16,CS-023,Cia Color Stone Ring,Color Stone Jewellery,14Kt,Rose,16,IJ/SI,3.468,0.66,IGI,132713563,,63900.0,in_stock
YRA-0173-14Y-18,CS-023,Cia Color Stone Ring,Color Stone Jewellery,14Kt,Yellow,18,JK/SI,3.572,0.64,GIA,866546452,,53800.0,in_stock
YRA-0173-14Y-14,CS-023,Cia Color Stone Ring,Color Stone Jewellery,14Kt,Yellow,14,HI/SI,3.367,0.68,IGI,184200395,,76200.0,in_stock
YRA-0173-14Y-16,CS-023,Cia Color Stone Ring,Color Stone Jewellery,14Kt,Yellow,16,HI/SI,3.468,0.66,GIA,220313891,,75600.0,in_stock
YRA-0173-18W-8,CS-023,Cia Color Stone Ring,Color Stone Jewellery,18Kt,White,8,JK/SI,3.697,0.66,GIA,421518334,,61800.0,in_stock
YRA-0173-18W-12,CS-023,Cia Color Stone Ring,Color Stone Jewellery,18Kt,White,12,JK/SI,3.923,0.66,GIA,196718753,,64000.0,sold
YRA-0173-18W-14,CS-023,Cia Color Stone Ring,Color Stone Jewellery,18Kt,White,14,HI/SI,4.04,0.65,GIA,978698982,,86300.0,in_stock
YRA-0173-18R-8,CS-023,Cia Color Stone Ring,Color Stone Jewellery,18Kt,Rose,8,HI/SI,3.697,0.64,IGI,361841172,,82200.0,in_stock
YRA-0173-18R-16,CS-023,Cia Color Stone Ring,Color Stone Jewellery,18Kt,Rose,16,HI/SI,4.162,0.64,IGI,432008898,,86800.0,in_stock
YRA-0173-18R-14,CS-023,Cia Color Stone Ring,Color Stone Jewellery,18Kt,Rose,14,HI/SI,4.04,0.67,IGI,206941072,,87800.0,sold
YRA-0174-14Y-16,CS-024,Dua Color Stone Ring,Color Stone Jewellery,14Kt,Yellow,16,JK/SI,6.653,1.16,GIA,292316364,,99100.0,sold
YRA-0174-14Y-10,CS-024,Dua Color Stone Ring,Color Stone Jewellery,14Kt,Yellow,10,HI/SI,6.088,1.15,GIA,300240337,,132200.0,sold
YRA-0174-14Y-18,CS-024,Dua Color Stone Ring,Color Stone Jewellery,14Kt,Yellow,18,JK/SI,6.852,1.18,GIA,549143796,,101500.0,sold
YRA-0174-14W-10,CS-024,Dua Color Stone Ring,Color Stone Jewellery,14Kt,White,10,IJ/SI,6.088,1.14,IGI,613063323,,111200.0,in_stock
YRA-0174-14W-16,CS-024,Dua Color Stone Ring,Color Stone Jewellery,14Kt,White,16,JK/SI,6.653,1.18,GIA,628935250,,99800.0,in_stock
YRA-0174-14W-18,CS-024,Dua Color Stone Ring,Color Stone Jewellery,14Kt,White,18,IJ/SI,6.852,1.16,IGI,989530118,,118600.0,sold
YRA-0174-18R-18,CS-024,Dua Color Stone Ring,Color Stone Jewellery,18Kt,Rose,18,JK/SI,8.222,1.18,GIA,550378374,,126500.0,sold
YRA-0174-18R-10,CS-024,Dua Color Stone Ring,Color Stone Jewellery,18Kt,Rose,10,JK/SI,7.306,1.18,GIA,312066565,,117400.0,sold
YRA-0174-18R-16,CS-024,Dua Color Stone Ring,Color Stone Jewellery,18Kt,Rose,16,IJ/SI,7.984,1.17,GIA,769519529,,141800.0,in_stock
YRA-0174-18W-16,CS-024,Dua Color Stone Ring,Color Stone Jewellery,18Kt,White,16,JK/SI,7.984,1.16,IGI,197492982,,123400.0,in_stock
YRA-0174-18W-10,CS-024,Dua Color Stone Ring,Color Stone Jewellery,18Kt,White,10,IJ/SI,7.306,1.18,IGI,567147611,,135500.0,in_stock
YRA-0174-18W-18,CS-024,Dua Color Stone Ring,Color Stone Jewellery,18Kt,White,18,IJ/SI,8.222,1.17,IGI,734613868,,144100.0,in_stock
YRA-0175-14W-10,CS-025,Ela Color Stone Ring,Color Stone Jewellery,14Kt,White,10,HI/SI,4.724,0.69,IGI,953111739,,88200.0,in_stock
YRA-0175-14W-6,CS-025,Ela Color Stone Ring,Color Stone Jewellery,14Kt,White,6,HI/SI,4.453,0.67,GIA,341356826,,84500.0,sold
YRA-0175-14W-16,CS-025,Ela Color Stone Ring,Color Stone Jewellery,14Kt,White,16,HI/SI,5.162,0.69,GIA,783483456,,91800.0,sold
YRA-0175-14R-12,CS-025,Ela Color Stone Ring,Color Stone Jewellery,14Kt,Rose,12,JK/SI,4.866,0.66,GIA,657382261,,65300.0,in_stock
YRA-0175-14R-10,CS-025,Ela Color Stone Ring,Color Stone Jewellery,14Kt,Rose,10,HI/SI,4.724,0.68,GIA,306742449,,87400.0,in_stock
YRA-0175-14R-16,CS-025,Ela Color Stone Ring,Color Stone Jewellery,14Kt,Rose,16,HI/SI,5.162,0.67,IGI,949484538,,90400.0,in_stock
YRA-0175-18R-10,CS-025,Ela Color Stone Ring,Color Stone Jewellery,18Kt,Rose,10,JK/SI,5.669,0.66,GIA,209736618,,81400.0,in_stock
YRA-0175-18R-6,CS-025,Ela Color Stone Ring,Color Stone Jewellery,18Kt,Rose,6,HI/SI,5.344,0.68,IGI,917024068,,101400.0,in_stock
YRA-0175-18R-12,CS-025,Ela Color Stone Ring,Color Stone Jewellery,18Kt,Rose,12,HI/SI,5.839,0.67,GIA,361020475,,105700.0,in_stock
YRA-0175-18W-16,CS-025,Ela Color Stone Ring,Color Stone Jewellery,18Kt,White,16,JK/SI,6.194,0.67,GIA,126444115,,87000.0,sold
YRA-0175-18W-6,CS-025,Ela Color Stone Ring,Color Stone Jewellery,18Kt,White,6,HI/SI,5.344,0.7,GIA,305446439,,102900.0,in_stock
YRA-0175-18W-12,CS-025,Ela Color Stone Ring,Color Stone Jewellery,18Kt,White,12,JK/SI,5.839,0.68,IGI,668664902,,83800.0,in_stock
YRA-0176-14Y-16,CS-026,Fia Color Stone Ring,Color Stone Jewellery,14Kt,Yellow,16,IJ/SI,6.592,0.67,IGI,677121012,,90300.0,sold
YRA-0176-14Y-10,CS-026,Fia Color Stone Ring,Color Stone Jewellery,14Kt,Yellow,10,JK/SI,6.033,0.7,IGI,900835994,,76500.0,in_stock
YRA-0176-14Y-6,CS-026,Fia Color Stone Ring,Color Stone Jewellery,14Kt,Yellow,6,HI/SI,5.687,0.67,IGI,707749035,,94700.0,in_stock
YRA-0176-14R-16,CS-026,Fia Color Stone Ring,Color Stone Jewellery,14Kt,Rose,16,HI/SI,6.592,0.66,GIA,583804707,,101500.0,in_stock
YRA-0176-14R-10,CS-026,Fia Color Stone Ring,Color Stone Jewellery,14Kt,Rose,10,JK/SI,6.033,0.7,GIA,373311411,,76500.0,in_stock
YRA-0176-14R-6,CS-026,Fia Color Stone Ring,Color Stone Jewellery,14Kt,Rose,6,IJ/SI,5.687,0.68,GIA,936000682,,83300.0,in_stock
YRA-0176-18R-10,CS-026,Fia Color Stone Ring,Color Stone Jewellery,18Kt,Rose,10,JK/SI,7.24,0.66,GIA,933556895,,97000.0,in_stock
YRA-0176-18R-6,CS-026,Fia Color Stone Ring,Color Stone Jewellery,18Kt,Rose,6,HI/SI,6.824,0.68,GIA,796920750,,116200.0,sold
YRA-0176-18R-16,CS-026,Fia Color Stone Ring,Color Stone Jewellery,18Kt,Rose,16,HI/SI,7.91,0.69,GIA,239744866,,127700.0,in_stock
YRA-0176-18W-16,CS-026,Fia Color Stone Ring,Color Stone Jewellery,18Kt,White,16,IJ/SI,7.91,0.68,IGI,164558766,,114900.0,sold
YRA-0176-18W-10,CS-026,Fia Color Stone Ring,Color Stone Jewellery,18Kt,White,10,JK/SI,7.24,0.68,IGI,525759229,,97800.0,sold
YRA-0176-18W-6,CS-026,Fia Color Stone Ring,Color Stone Jewellery,18Kt,White,6,HI/SI,6.824,0.68,IGI,119671761,,116200.0,in_stock
YRA-0177-14W-16,CS-027,Gia Color Stone Ring,Color Stone Jewellery,14Kt,White,16,IJ/SI,3.416,1.08,GIA,159145579,,85800.0,in_stock
YRA-0177-14W-20,CS-027,Gia Color Stone Ring,Color Stone Jewellery,14Kt,White,20,HI/SI,3.624,1.1,GIA,678985055,,108200.0,in_stock
YRA-0177-14W-8,CS-027,Gia Color Stone Ring,Color Stone Jewellery,14Kt,White,8,IJ/SI,3.035,1.07,GIA,509746934,,82100.0,in_stock
YRA-0177-14R-16,CS-027,Gia Color Stone Ring,Color Stone Jewellery,14Kt,Rose,16,IJ/SI,3.416,1.09,GIA,927280837,,86400.0,in_stock
YRA-0177-14R-14,CS-027,Gia Color Stone Ring,Color Stone Jewellery,14Kt,Rose,14,IJ/SI,3.317,1.08,GIA,265850060,,85000.0,in_stock
YRA-0177-14R-20,CS-027,Gia Color Stone Ring,Color Stone Jewellery,14Kt,Rose,20,HI/SI,3.624,1.08,IGI,542783729,,106800.0,sold
YRA-0177-18R-16,CS-027,Gia Color Stone Ring,Color Stone Jewellery,18Kt,Rose,16,IJ/SI,4.099,1.09,GIA,130915410,,98800.0,in_stock
YRA-0177-18R-14,CS-027,Gia Color Stone Ring,Color Stone Jewellery,18Kt,Rose,14,JK/SI,3.98,1.1,IGI,286947213,,81200.0,in_stock
YRA-0177-18R-20,CS-027,Gia Color Stone Ring,Color Stone Jewellery,18Kt,Rose,20,JK/SI,4.349,1.08,GIA,838846154,,84200.0,in_stock
YRA-0177-18W-14,CS-027,Gia Color Stone Ring,Color Stone Jewellery,18Kt,White,14,JK/SI,3.98,1.09,GIA,677247167,,80900.0,sold
YRA-0177-18W-20,CS-027,Gia Color Stone Ring,Color Stone Jewellery,18Kt,White,20,IJ/SI,4.349,1.11,IGI,346927884,,102400.0,in_stock
YRA-0177-18W-16,CS-027,Gia Color Stone Ring,Color Stone Jewellery,18Kt,White,16,IJ/SI,4.099,1.09,IGI,578974878,,98800.0,in_stock
YRA-0178-14R-14,CS-028,Hia Color Stone Ring,Color Stone Jewellery,14Kt,Rose,14,HI/SI,5.406,0.77,GIA,238623938,,99500.0,in_stock
YRA-0178-14R-20,CS-028,Hia Color Stone Ring,Color Stone Jewellery,14Kt,Rose,20,JK/SI,5.908,0.78,GIA,404839425,,78500.0,in_stock
YRA-0178-14R-10,CS-028,Hia Color Stone Ring,Color Stone Jewellery,14Kt,Rose,10,HI/SI,5.096,0.78,IGI,120499995,,97600.0,in_stock
YRA-0178-14W-20,CS-028,Hia Color Stone Ring,Color Stone Jewellery,14Kt,White,20,HI/SI,5.908,0.77,GIA,597229361,,103700.0,in_stock
YRA-0178-14W-12,CS-028,Hia Color Stone Ring,Color Stone Jewellery,14Kt,White,12,HI/SI,5.249,0.8,GIA,851002216,,100300.0,in_stock
YRA-0178-14W-14,CS-028,Hia Color Stone Ring,Color Stone Jewellery,14Kt,White,14,JK/SI,5.406,0.77,IGI,122466555,,74000.0,sold
YRA-0178-18Y-12,CS-028,Hia Color Stone Ring,Color Stone Jewellery,18Kt,Yellow,12,HI/SI,6.299,0.79,GIA,124561026,,118800.0,in_stock
YRA-0178-18Y-20,CS-028,Hia Color Stone Ring,Color Stone Jewellery,18Kt,Yellow,20,IJ/SI,7.09,0.77,GIA,103073611,,111500.0,in_stock
YRA-0178-18Y-14,CS-028,Hia Color Stone Ring,Color Stone Jewellery,18Kt,Yellow,14,JK/SI,6.487,0.76,GIA,493024874,,93300.0,in_stock
YRA-0178-18W-12,CS-028,Hia Color Stone Ring,Color Stone Jewellery,18Kt,White,12,HI/SI,6.299,0.79,GIA,735620973,,118800.0,in_stock
YRA-0178-18W-10,CS-028,Hia Color Stone Ring,Color Stone Jewellery,18Kt,White,10,JK/SI,6.115,0.77,IGI,603812561,,90000.0,in_stock
YRA-0178-18W-20,CS-028,Hia Color Stone Ring,Color Stone Jewellery,18Kt,White,20,IJ/SI,7.09,0.76,GIA,872883308,,111000.0,sold
YRA-0179-14R-16,CS-029,Isha Color Stone Ring,Color Stone Jewellery,14Kt,Rose,16,IJ/SI,6.757,1.1,IGI,858376150,,114600.0,in_stock
YRA-0179-14R-10,CS-029,Isha Color Stone Ring,Color Stone Jewellery,14Kt,Rose,10,JK/SI,6.183,1.11,GIA,624178437,,93300.0,sold
YRA-0179-14R-14,CS-029,Isha Color Stone Ring,Color Stone Jewellery,14Kt,Rose,14,JK/SI,6.56,1.09,GIA,910096591,,95700.0,in_stock
YRA-0179-14Y-14,CS-029,Isha Color Stone Ring,Color Stone Jewellery,14Kt,Yellow,14,IJ/SI,6.56,1.1,GIA,459488977,,113000.0,in_stock
YRA-0179-14Y-10,CS-029,Isha Color Stone Ring,Color Stone Jewellery,14Kt,Yellow,10,JK/SI,6.183,1.09,GIA,106168214,,92500.0,sold
YRA-0179-14Y-16,CS-029,Isha Color Stone Ring,Color Stone Jewellery,14Kt,Yellow,16,HI/SI,6.757,1.12,GIA,477211116,,135600.0,sold
YRA-0179-18W-10,CS-029,Isha Color Stone Ring,Color Stone Jewellery,18Kt,White,10,JK/SI,7.42,1.12,IGI,488262728,,116200.0,in_stock
YRA-0179-18W-14,CS-029,Isha Color Stone Ring,Color Stone Jewellery,18Kt,White,14,IJ/SI,7.872,1.11,GIA,764310536,,137400.0,in_stock
YRA-0179-18W-16,CS-029,Isha Color Stone Ring,Color Stone Jewellery,18Kt,White,16,HI/SI,8.108,1.11,IGI,751912474,,159500.0,in_stock
YRA-0179-18Y-10,CS-029,Isha Color Stone Ring,Color Stone Jewellery,18Kt,Yellow,10,IJ/SI,7.42,1.11,GIA,773149831,,132900.0,in_stock
YRA-0179-18Y-14,CS-029,Isha Color Stone Ring,Color Stone Jewellery,18Kt,Yellow,14,HI/SI,7.872,1.11,IGI,928148367,,157200.0,in_stock
YRA-0179-18Y-16,CS-029,Isha Color Stone Ring,Color Stone Jewellery,18Kt,Yellow,16,JK/SI,8.108,1.1,GIA,422924006,,122300.0,in_stock
YRA-0180-14W-20,CS-030,Jia Color Stone Ring,Color Stone Jewellery,14Kt,White,20,IJ/SI,3.239,1.23,GIA,579793616,,92400.0,in_stock
YRA-0180-14W-6,CS-030,Jia Color Stone Ring,Color Stone Jewellery,14Kt,White,6,IJ/SI,2.634,1.24,GIA,409993940,,87900.0,in_stock
YRA-0180-14W-10,CS-030,Jia Color Stone Ring,Color Stone Jewellery,14Kt,White,10,IJ/SI,2.794,1.22,IGI,815962112,,88100.0,in_stock
YRA-0180-14Y-6,CS-030,Jia Color Stone Ring,Color Stone Jewellery,14Kt,Yellow,6,IJ/SI,2.634,1.24,GIA,945813287,,87900.0,in_stock
YRA-0180-14Y-10,CS-030,Jia Color Stone Ring,Color Stone Jewellery,14Kt,Yellow,10,JK/SI,2.794,1.22,GIA,885995897,,69400.0,in_stock
YRA-0180-14Y-20,CS-030,Jia Color Stone Ring,Color Stone Jewellery,14Kt,Yellow,20,HI/SI,3.239,1.22,GIA,855833885,,113500.0,in_stock
YRA-0180-18Y-20,CS-030,Jia Color Stone Ring,Color Stone Jewellery,18Kt,Yellow,20,JK/SI,3.887,1.24,GIA,897061108,,85600.0,in_stock
YRA-0180-18Y-6,CS-030,Jia Color Stone Ring,Color Stone Jewellery,18Kt,Yellow,6,HI/SI,3.161,1.24,IGI,728785712,,119500.0,sold
YRA-0180-18Y-10,CS-030,Jia Color Stone Ring,Color Stone Jewellery,18Kt,Yellow,10,JK/SI,3.353,1.23,GIA,836018234,,79900.0,sold
YRA-0180-18W-20,CS-030,Jia Color Stone Ring,Color Stone Jewellery,18Kt,White,20,IJ/SI,3.887,1.23,GIA,478336868,,104200.0,sold
YRA-0180-18W-10,CS-030,Jia Color Stone Ring,Color Stone Jewellery,18Kt,White,10,JK/SI,3.353,1.25,IGI,110320005,,80700.0,sold
YRA-0180-18W-6,CS-030,Jia Color Stone Ring,Color Stone Jewellery,18Kt,White,6,JK/SI,3.161,1.22,IGI,615647320,,77600.0,sold
24P123457,DULR0001,The Polaris Crown Ring,Rings,14Kt,Yellow,20,IJ/SI,2.063,0.2,SGL,SGLDLJ100001J,ABC124,27766.0,in_stock
24P123456,DULR0001,The Polaris Crown Ring,Rings,14Kt,Yellow,14,IJ/SI,1.888,0.2,SGL,SGLDLJ10001H,ABC123,26315.0,in_stock
24P12356,DULBR001,The Elara Classic Bracelet,Bracelets & Bangles,14Kt,Yellow,,IJ/SI,7.02,3.0,SGL,SGLDLJ100002J,ABC125,218114.0,in_stock
24P123,LR10001,Dummy Diamond Ring,Rings,18Kt,Yellow,12,IJ/SI,3.6,0.5,IGI,CERT1,ABCD12,62471.0,in_stock
24P12345678,LR10001,Dummy Diamond Ring,Rings,14Kt,Yellow,10,IJ/SI,2.9,0.5,IGI,CERT1001,ABCD23,50697.0,in_stock
24P123456789,DUER001,The Tiered Halo Drop Earrings,Earrings,18Kt,Yellow,,IJ/SI,3.51,1.05,IGI,IGI1001,ABCD34,90891.0,in_stock
